from activity name,from reference product,from location,from categories,from database,from key,to activity name,to reference product,to location,to categories,to database,to key,flow type,baseline,nop_supplementation,increase_feed_level,nitrate_supplementation
market for alfalfa-grass silage,alfalfa-grass silage,GLO,,remind - SSP1-PkBudg650 - 2040,"('remind - SSP1-PkBudg650 - 2040', '2405cfe550214b5da80e10b52e36b8fd')","milk production, from cow",cow milk,RoW,,remind - SSP1-PkBudg650 - 2040,"('remind - SSP1-PkBudg650 - 2040', '8e01a106a4924c759f988cd7afa99b6c')",technosphere,0.20575237274169922,0.20575237274169922,0.27885788189221733,0.19774435582688535
"market for barley grain, feed","barley grain, feed",GLO,,remind - SSP1-PkBudg650 - 2040,"('remind - SSP1-PkBudg650 - 2040', 'cad734368d7f49d8a1f69119c6be680a')","milk production, from cow",cow milk,RoW,,remind - SSP1-PkBudg650 - 2040,"('remind - SSP1-PkBudg650 - 2040', '8e01a106a4924c759f988cd7afa99b6c')",technosphere,0.028371073305606842,0.028371073305606842,0.03845154883799284,0.027266852577090894
"market for diesel, burned in agricultural machinery","diesel, burned in agricultural machinery",GLO,,remind - SSP1-PkBudg650 - 2040,"('remind - SSP1-PkBudg650 - 2040', '48d50877ac70466a93e6a2c723df8dd1')","milk production, from cow",cow milk,RoW,,remind - SSP1-PkBudg650 - 2040,"('remind - SSP1-PkBudg650 - 2040', '8e01a106a4924c759f988cd7afa99b6c')",technosphere,0.19186021387577057,0.19186021387577057,0.16426388174295425,0.19245683004892222
"market for energy feed, gross","energy feed, gross",RoW,,remind - SSP1-PkBudg650 - 2040,"('remind - SSP1-PkBudg650 - 2040', '32ff7e79e3a047a88849052ea7fb52c2')","milk production, from cow",cow milk,RoW,,remind - SSP1-PkBudg650 - 2040,"('remind - SSP1-PkBudg650 - 2040', '8e01a106a4924c759f988cd7afa99b6c')",technosphere,0.09615901112556458,0.09615901112556458,0.08232792048421625,0.09645803102173195
market for hay,hay,GLO,,remind - SSP1-PkBudg650 - 2040,"('remind - SSP1-PkBudg650 - 2040', '136575fc74a74c3cb4726375bd4c8cae')","milk production, from cow",cow milk,RoW,,remind - SSP1-PkBudg650 - 2040,"('remind - SSP1-PkBudg650 - 2040', '8e01a106a4924c759f988cd7afa99b6c')",technosphere,0.05701185390353203,0.05701185390353203,0.07726863418603698,0.05479291526228713
"market for inorganic nitrogen fertiliser, as N","inorganic nitrogen fertiliser, as N",AU,,remind - SSP1-PkBudg650 - 2040,"('remind - SSP1-PkBudg650 - 2040', 'aae81773327b4e42b81c0ff063b46dee')","milk production, from cow",cow milk,RoW,,remind - SSP1-PkBudg650 - 2040,"('remind - SSP1-PkBudg650 - 2040', '8e01a106a4924c759f988cd7afa99b6c')",technosphere,2.784099524433259e-05,2.784099524433259e-05,2.383646853110667e-05,2.7927570713544578e-05
"market for inorganic nitrogen fertiliser, as N","inorganic nitrogen fertiliser, as N",MY,,remind - SSP1-PkBudg650 - 2040,"('remind - SSP1-PkBudg650 - 2040', '0babc7bb77ad404a8c9220c583eb1593')","milk production, from cow",cow milk,RoW,,remind - SSP1-PkBudg650 - 2040,"('remind - SSP1-PkBudg650 - 2040', '8e01a106a4924c759f988cd7afa99b6c')",technosphere,8.751110726734623e-06,8.751110726734623e-06,7.492389320834438e-06,8.77832352967662e-06
"market for inorganic nitrogen fertiliser, as N","inorganic nitrogen fertiliser, as N",CN,,remind - SSP1-PkBudg650 - 2040,"('remind - SSP1-PkBudg650 - 2040', 'b992d8e2fd574648be12153ac9dff695')","milk production, from cow",cow milk,RoW,,remind - SSP1-PkBudg650 - 2040,"('remind - SSP1-PkBudg650 - 2040', '8e01a106a4924c759f988cd7afa99b6c')",technosphere,0.0004908950068056583,0.0004908950068056583,0.00042028682089525544,0.0004924215134975005
"market for inorganic nitrogen fertiliser, as N","inorganic nitrogen fertiliser, as N",RU,,remind - SSP1-PkBudg650 - 2040,"('remind - SSP1-PkBudg650 - 2040', 'e1ac788c6aaa46ff8496d60a6e78c631')","milk production, from cow",cow milk,RoW,,remind - SSP1-PkBudg650 - 2040,"('remind - SSP1-PkBudg650 - 2040', '8e01a106a4924c759f988cd7afa99b6c')",technosphere,3.999509499408305e-05,3.999509499408305e-05,3.42423758510985e-05,4.0119465336626586e-05
"market for inorganic nitrogen fertiliser, as N","inorganic nitrogen fertiliser, as N",BR,,remind - SSP1-PkBudg650 - 2040,"('remind - SSP1-PkBudg650 - 2040', 'f2af4717676b43f8a00b43738ccbd5fb')","milk production, from cow",cow milk,RoW,,remind - SSP1-PkBudg650 - 2040,"('remind - SSP1-PkBudg650 - 2040', '8e01a106a4924c759f988cd7afa99b6c')",technosphere,8.74112593010068e-05,8.74112593010068e-05,7.48384069357935e-05,8.768307683920834e-05
"market for inorganic nitrogen fertiliser, as N","inorganic nitrogen fertiliser, as N",KE,,remind - SSP1-PkBudg650 - 2040,"('remind - SSP1-PkBudg650 - 2040', 'e7d6ec978e404133a4a07684fdf8b43c')","milk production, from cow",cow milk,RoW,,remind - SSP1-PkBudg650 - 2040,"('remind - SSP1-PkBudg650 - 2040', '8e01a106a4924c759f988cd7afa99b6c')",technosphere,3.353061629240983e-06,3.353061629240983e-06,2.870771942843308e-06,3.3634884434155715e-06
"market for inorganic nitrogen fertiliser, as N","inorganic nitrogen fertiliser, as N",VN,,remind - SSP1-PkBudg650 - 2040,"('remind - SSP1-PkBudg650 - 2040', 'a2773ef533004ff0b40c22fcd34fea58')","milk production, from cow",cow milk,RoW,,remind - SSP1-PkBudg650 - 2040,"('remind - SSP1-PkBudg650 - 2040', '8e01a106a4924c759f988cd7afa99b6c')",technosphere,3.189701965311542e-05,3.189701965311542e-05,2.7309092168763204e-05,3.199620789759798e-05
"market for inorganic nitrogen fertiliser, as N","inorganic nitrogen fertiliser, as N",CI,,remind - SSP1-PkBudg650 - 2040,"('remind - SSP1-PkBudg650 - 2040', 'c5524092ad334f12a306bb62fdd6b517')","milk production, from cow",cow milk,RoW,,remind - SSP1-PkBudg650 - 2040,"('remind - SSP1-PkBudg650 - 2040', '8e01a106a4924c759f988cd7afa99b6c')",technosphere,6.470469884334307e-07,6.470469884334307e-07,5.539785859875263e-07,6.490590715552519e-07
"market for inorganic nitrogen fertiliser, as N","inorganic nitrogen fertiliser, as N",CO,,remind - SSP1-PkBudg650 - 2040,"('remind - SSP1-PkBudg650 - 2040', '0f033d8c207c4bef85d64cb174b37251')","milk production, from cow",cow milk,RoW,,remind - SSP1-PkBudg650 - 2040,"('remind - SSP1-PkBudg650 - 2040', '8e01a106a4924c759f988cd7afa99b6c')",technosphere,9.174487786367536e-06,9.174487786367536e-06,7.854869680109191e-06,9.203017139499985e-06
"market for inorganic nitrogen fertiliser, as N","inorganic nitrogen fertiliser, as N",CR,,remind - SSP1-PkBudg650 - 2040,"('remind - SSP1-PkBudg650 - 2040', '3d255b5162e941bab7529aba7db439d6')","milk production, from cow",cow milk,RoW,,remind - SSP1-PkBudg650 - 2040,"('remind - SSP1-PkBudg650 - 2040', '8e01a106a4924c759f988cd7afa99b6c')",technosphere,1.3779705341221415e-06,1.3779705341221415e-06,1.1797692929127925e-06,1.3822555262535275e-06
"market for inorganic nitrogen fertiliser, as N","inorganic nitrogen fertiliser, as N",PE,,remind - SSP1-PkBudg650 - 2040,"('remind - SSP1-PkBudg650 - 2040', '0159ea0428a3437d80f6a48dd29d9c7e')","milk production, from cow",cow milk,RoW,,remind - SSP1-PkBudg650 - 2040,"('remind - SSP1-PkBudg650 - 2040', '8e01a106a4924c759f988cd7afa99b6c')",technosphere,7.297252523130737e-06,7.297252523130737e-06,6.247647708159878e-06,7.3199443506176515e-06
"market for inorganic nitrogen fertiliser, as N","inorganic nitrogen fertiliser, as N",EC,,remind - SSP1-PkBudg650 - 2040,"('remind - SSP1-PkBudg650 - 2040', 'c2299779ff154673a174d8d9b45800a1')","milk production, from cow",cow milk,RoW,,remind - SSP1-PkBudg650 - 2040,"('remind - SSP1-PkBudg650 - 2040', '8e01a106a4924c759f988cd7afa99b6c')",technosphere,3.7245144994813018e-06,3.7245144994813018e-06,3.1887966605148135e-06,3.7360963983160817e-06
"market for inorganic nitrogen fertiliser, as N","inorganic nitrogen fertiliser, as N",ID,,remind - SSP1-PkBudg650 - 2040,"('remind - SSP1-PkBudg650 - 2040', '453ea0d96c4546dea19bf1899a0c6cb9')","milk production, from cow",cow milk,RoW,,remind - SSP1-PkBudg650 - 2040,"('remind - SSP1-PkBudg650 - 2040', '8e01a106a4924c759f988cd7afa99b6c')",technosphere,6.935784767847508e-05,6.935784767847508e-05,5.938171890280401e-05,6.957352560785945e-05
"market for inorganic nitrogen fertiliser, as N","inorganic nitrogen fertiliser, as N",NZ,,remind - SSP1-PkBudg650 - 2040,"('remind - SSP1-PkBudg650 - 2040', 'ce139c8ed0824d539c4123997071d68a')","milk production, from cow",cow milk,RoW,,remind - SSP1-PkBudg650 - 2040,"('remind - SSP1-PkBudg650 - 2040', '8e01a106a4924c759f988cd7afa99b6c')",technosphere,9.148526260105427e-06,9.148526260105427e-06,7.832642345980675e-06,9.176974882240372e-06
"market for inorganic nitrogen fertiliser, as N","inorganic nitrogen fertiliser, as N",CL,,remind - SSP1-PkBudg650 - 2040,"('remind - SSP1-PkBudg650 - 2040', '7e88fea63c474097b781608005e2327f')","milk production, from cow",cow milk,RoW,,remind - SSP1-PkBudg650 - 2040,"('remind - SSP1-PkBudg650 - 2040', '8e01a106a4924c759f988cd7afa99b6c')",technosphere,3.874293724948075e-06,3.874293724948075e-06,3.3170322987569135e-06,3.8863413832361065e-06
"market for inorganic nitrogen fertiliser, as N","inorganic nitrogen fertiliser, as N",MX,,remind - SSP1-PkBudg650 - 2040,"('remind - SSP1-PkBudg650 - 2040', 'ed4853ae18c4416ead8e91e6ba8af55a')","milk production, from cow",cow milk,RoW,,remind - SSP1-PkBudg650 - 2040,"('remind - SSP1-PkBudg650 - 2040', '8e01a106a4924c759f988cd7afa99b6c')",technosphere,3.139775799354538e-05,3.139775799354538e-05,2.688164211776146e-05,3.1495393714058964e-05
"market for inorganic nitrogen fertiliser, as N","inorganic nitrogen fertiliser, as N",CY,,remind - SSP1-PkBudg650 - 2040,"('remind - SSP1-PkBudg650 - 2040', 'c54f9c7c3d7e4f07b21f57f91089aaa0')","milk production, from cow",cow milk,RoW,,remind - SSP1-PkBudg650 - 2040,"('remind - SSP1-PkBudg650 - 2040', '8e01a106a4924c759f988cd7afa99b6c')",technosphere,1.3380292784859193e-07,1.3380292784859193e-07,1.1455730124023283e-07,1.3421900676957762e-07
"market for inorganic nitrogen fertiliser, as N","inorganic nitrogen fertiliser, as N",IN,,remind - SSP1-PkBudg650 - 2040,"('remind - SSP1-PkBudg650 - 2040', '9dfb66167366454a930f79280ebb1497')","milk production, from cow",cow milk,RoW,,remind - SSP1-PkBudg650 - 2040,"('remind - SSP1-PkBudg650 - 2040', '8e01a106a4924c759f988cd7afa99b6c')",technosphere,0.00033866919693537056,0.00033866919693537056,0.0002899565042254885,0.00033972233617752086
"market for inorganic nitrogen fertiliser, as N","inorganic nitrogen fertiliser, as N",US,,remind - SSP1-PkBudg650 - 2040,"('remind - SSP1-PkBudg650 - 2040', 'e6e7537b86f34dc6b8241fa7709d8044')","milk production, from cow",cow milk,RoW,,remind - SSP1-PkBudg650 - 2040,"('remind - SSP1-PkBudg650 - 2040', '8e01a106a4924c759f988cd7afa99b6c')",technosphere,0.0002575786202214658,0.0002575786202214658,0.00022052964060057008,0.0002583795969720793
"market for inorganic nitrogen fertiliser, as N","inorganic nitrogen fertiliser, as N",BD,,remind - SSP1-PkBudg650 - 2040,"('remind - SSP1-PkBudg650 - 2040', '3d3d122f9b214bbb9cf6f6097ce76666')","milk production, from cow",cow milk,RoW,,remind - SSP1-PkBudg650 - 2040,"('remind - SSP1-PkBudg650 - 2040', '8e01a106a4924c759f988cd7afa99b6c')",technosphere,2.488335121597629e-05,2.488335121597629e-05,2.1304239054774224e-05,2.4960729477356092e-05
"market for inorganic nitrogen fertiliser, as N","inorganic nitrogen fertiliser, as N",TR,,remind - SSP1-PkBudg650 - 2040,"('remind - SSP1-PkBudg650 - 2040', 'ff733f4980874a75801ccdf1554f80aa')","milk production, from cow",cow milk,RoW,,remind - SSP1-PkBudg650 - 2040,"('remind - SSP1-PkBudg650 - 2040', '8e01a106a4924c759f988cd7afa99b6c')",technosphere,3.5707409551832825e-05,3.5707409551832825e-05,3.057141228752811e-05,3.5818446736716645e-05
"market for inorganic nitrogen fertiliser, as N","inorganic nitrogen fertiliser, as N",LK,,remind - SSP1-PkBudg650 - 2040,"('remind - SSP1-PkBudg650 - 2040', 'a85b7c90d2e24de080f1e6899ddcba8e')","milk production, from cow",cow milk,RoW,,remind - SSP1-PkBudg650 - 2040,"('remind - SSP1-PkBudg650 - 2040', '8e01a106a4924c759f988cd7afa99b6c')",technosphere,2.406455678283237e-06,2.406455678283237e-06,2.060321642365785e-06,2.4139388888386366e-06
"market group for inorganic nitrogen fertiliser, as N","inorganic nitrogen fertiliser, as N",RER,,remind - SSP1-PkBudg650 - 2040,"('remind - SSP1-PkBudg650 - 2040', 'bde03e2eb3834a96a8962d80606a9bea')","milk production, from cow",cow milk,RoW,,remind - SSP1-PkBudg650 - 2040,"('remind - SSP1-PkBudg650 - 2040', '8e01a106a4924c759f988cd7afa99b6c')",technosphere,0.0002831369929481298,0.0002831369929481298,0.00024241180903093303,0.00028401744703393495
"market for inorganic nitrogen fertiliser, as N","inorganic nitrogen fertiliser, as N",AR,,remind - SSP1-PkBudg650 - 2040,"('remind - SSP1-PkBudg650 - 2040', '449a12fa31f04f1aa159d1da4730866d')","milk production, from cow",cow milk,RoW,,remind - SSP1-PkBudg650 - 2040,"('remind - SSP1-PkBudg650 - 2040', '8e01a106a4924c759f988cd7afa99b6c')",technosphere,1.9369472283869982e-05,1.9369472283869982e-05,1.658345229783389e-05,1.942970436740895e-05
"market for inorganic nitrogen fertiliser, as N","inorganic nitrogen fertiliser, as N",IL,,remind - SSP1-PkBudg650 - 2040,"('remind - SSP1-PkBudg650 - 2040', '23769f1b6e4347a18aa8f580d4e54579')","milk production, from cow",cow milk,RoW,,remind - SSP1-PkBudg650 - 2040,"('remind - SSP1-PkBudg650 - 2040', '8e01a106a4924c759f988cd7afa99b6c')",technosphere,1.0025235042121494e-06,1.0025235042121494e-06,8.58324917989854e-07,1.0056409912851334e-06
"market for inorganic nitrogen fertiliser, as N","inorganic nitrogen fertiliser, as N",RoW,,remind - SSP1-PkBudg650 - 2040,"('remind - SSP1-PkBudg650 - 2040', 'd858917242a24c1fb47ad46c327b9261')","milk production, from cow",cow milk,RoW,,remind - SSP1-PkBudg650 - 2040,"('remind - SSP1-PkBudg650 - 2040', '8e01a106a4924c759f988cd7afa99b6c')",technosphere,0.0021500233560800552,0.0021500233560800552,0.0018407734213014173,0.0021567091544588777
"market for inorganic nitrogen fertiliser, as N","inorganic nitrogen fertiliser, as N",TH,,remind - SSP1-PkBudg650 - 2040,"('remind - SSP1-PkBudg650 - 2040', '5786f407fe7147c0a0136b9ca29ab5b5')","milk production, from cow",cow milk,RoW,,remind - SSP1-PkBudg650 - 2040,"('remind - SSP1-PkBudg650 - 2040', '8e01a106a4924c759f988cd7afa99b6c')",technosphere,2.3523354684584774e-05,2.3523354684584774e-05,2.013985846282943e-05,2.359650384650895e-05
"market for inorganic nitrogen fertiliser, as N","inorganic nitrogen fertiliser, as N",PH,,remind - SSP1-PkBudg650 - 2040,"('remind - SSP1-PkBudg650 - 2040', '4484bb691d94442db71b9c78985f2ebf')","milk production, from cow",cow milk,RoW,,remind - SSP1-PkBudg650 - 2040,"('remind - SSP1-PkBudg650 - 2040', '8e01a106a4924c759f988cd7afa99b6c')",technosphere,1.4161143553792499e-05,1.4161143553792499e-05,1.2124266741260701e-05,1.4205179610585313e-05
"market for inorganic phosphorus fertiliser, as P2O5","inorganic phosphorus fertiliser, as P2O5",AR,,remind - SSP1-PkBudg650 - 2040,"('remind - SSP1-PkBudg650 - 2040', 'e57e175866124bfdaf8014f4a99291cb')","milk production, from cow",cow milk,RoW,,remind - SSP1-PkBudg650 - 2040,"('remind - SSP1-PkBudg650 - 2040', '8e01a106a4924c759f988cd7afa99b6c')",technosphere,9.494148798694368e-06,9.494148798694368e-06,8.128552053676685e-06,9.523672182459994e-06
"market for inorganic phosphorus fertiliser, as P2O5","inorganic phosphorus fertiliser, as P2O5",MX,,remind - SSP1-PkBudg650 - 2040,"('remind - SSP1-PkBudg650 - 2040', 'c2feb06fcc1840c49655b2564994f2e4')","milk production, from cow",cow milk,RoW,,remind - SSP1-PkBudg650 - 2040,"('remind - SSP1-PkBudg650 - 2040', '8e01a106a4924c759f988cd7afa99b6c')",technosphere,5.883931407879572e-06,5.883931407879572e-06,5.03761250674621e-06,5.902228315658113e-06
"market for inorganic phosphorus fertiliser, as P2O5","inorganic phosphorus fertiliser, as P2O5",PH,,remind - SSP1-PkBudg650 - 2040,"('remind - SSP1-PkBudg650 - 2040', '05e70b34c2b3474ea61fb267a5f514d5')","milk production, from cow",cow milk,RoW,,remind - SSP1-PkBudg650 - 2040,"('remind - SSP1-PkBudg650 - 2040', '8e01a106a4924c759f988cd7afa99b6c')",technosphere,2.0461916392378043e-06,2.0461916392378043e-06,1.7518764034570244e-06,2.0525545583687475e-06
"market for inorganic phosphorus fertiliser, as P2O5","inorganic phosphorus fertiliser, as P2O5",US,,remind - SSP1-PkBudg650 - 2040,"('remind - SSP1-PkBudg650 - 2040', 'c630464ba60849e694a42427806b9378')","milk production, from cow",cow milk,RoW,,remind - SSP1-PkBudg650 - 2040,"('remind - SSP1-PkBudg650 - 2040', '8e01a106a4924c759f988cd7afa99b6c')",technosphere,7.61008559493348e-05,7.61008559493348e-05,6.515484242237569e-05,7.633750220617394e-05
"market for inorganic phosphorus fertiliser, as P2O5","inorganic phosphorus fertiliser, as P2O5",KE,,remind - SSP1-PkBudg650 - 2040,"('remind - SSP1-PkBudg650 - 2040', '5d208f4bff234a5289415de1f6a67a8c')","milk production, from cow",cow milk,RoW,,remind - SSP1-PkBudg650 - 2040,"('remind - SSP1-PkBudg650 - 2040', '8e01a106a4924c759f988cd7afa99b6c')",technosphere,2.546438963690889e-06,2.546438963690889e-06,2.1801703456257615e-06,2.554357471853635e-06
"market for inorganic phosphorus fertiliser, as P2O5","inorganic phosphorus fertiliser, as P2O5",CY,,remind - SSP1-PkBudg650 - 2040,"('remind - SSP1-PkBudg650 - 2040', '5f34fd3ca3cd4d9a9628b1f194c9ec0b')","milk production, from cow",cow milk,RoW,,remind - SSP1-PkBudg650 - 2040,"('remind - SSP1-PkBudg650 - 2040', '8e01a106a4924c759f988cd7afa99b6c')",technosphere,7.835196669248035e-08,7.835196669248035e-08,6.708216326410989e-08,7.859561309306885e-08
"market for inorganic phosphorus fertiliser, as P2O5","inorganic phosphorus fertiliser, as P2O5",PE,,remind - SSP1-PkBudg650 - 2040,"('remind - SSP1-PkBudg650 - 2040', 'bfd8cc254d6a4665b566940c22d430b9')","milk production, from cow",cow milk,RoW,,remind - SSP1-PkBudg650 - 2040,"('remind - SSP1-PkBudg650 - 2040', '8e01a106a4924c759f988cd7afa99b6c')",technosphere,1.444991085008951e-06,1.444991085008951e-06,1.2371499015487594e-06,1.449484486918398e-06
"market for inorganic phosphorus fertiliser, as P2O5","inorganic phosphorus fertiliser, as P2O5",RU,,remind - SSP1-PkBudg650 - 2040,"('remind - SSP1-PkBudg650 - 2040', '750b2a327a8346059fc2d13c7180cc66')","milk production, from cow",cow milk,RoW,,remind - SSP1-PkBudg650 - 2040,"('remind - SSP1-PkBudg650 - 2040', '8e01a106a4924c759f988cd7afa99b6c')",technosphere,1.1162141163367778e-05,1.1162141163367778e-05,9.556627708362825e-06,1.1196851402716198e-05
"market for inorganic phosphorus fertiliser, as P2O5","inorganic phosphorus fertiliser, as P2O5",CI,,remind - SSP1-PkBudg650 - 2040,"('remind - SSP1-PkBudg650 - 2040', '880336d51478467e995e9fcfe9fee33b')","milk production, from cow",cow milk,RoW,,remind - SSP1-PkBudg650 - 2040,"('remind - SSP1-PkBudg650 - 2040', '8e01a106a4924c759f988cd7afa99b6c')",technosphere,6.705120085825911e-07,6.705120085825911e-07,5.740685004987938e-07,6.725970594669386e-07
"market for inorganic phosphorus fertiliser, as P2O5","inorganic phosphorus fertiliser, as P2O5",CL,,remind - SSP1-PkBudg650 - 2040,"('remind - SSP1-PkBudg650 - 2040', 'b1e6dc0ec7fb4171a93c4f24aa34f172')","milk production, from cow",cow milk,RoW,,remind - SSP1-PkBudg650 - 2040,"('remind - SSP1-PkBudg650 - 2040', '8e01a106a4924c759f988cd7afa99b6c')",technosphere,1.76743958490988e-06,1.76743958490988e-06,1.5132188226968153e-06,1.7729356855350387e-06
"market for inorganic phosphorus fertiliser, as P2O5","inorganic phosphorus fertiliser, as P2O5",BR,,remind - SSP1-PkBudg650 - 2040,"('remind - SSP1-PkBudg650 - 2040', '989d0f19b53a480ba2dafc5106f5c438')","milk production, from cow",cow milk,RoW,,remind - SSP1-PkBudg650 - 2040,"('remind - SSP1-PkBudg650 - 2040', '8e01a106a4924c759f988cd7afa99b6c')",technosphere,7.722942245891318e-05,7.722942245891318e-05,6.612108087235718e-05,7.746957815118184e-05
"market for inorganic phosphorus fertiliser, as P2O5","inorganic phosphorus fertiliser, as P2O5",RoW,,remind - SSP1-PkBudg650 - 2040,"('remind - SSP1-PkBudg650 - 2040', '4db3c5922fae46869a6465683570d7c8')","milk production, from cow",cow milk,RoW,,remind - SSP1-PkBudg650 - 2040,"('remind - SSP1-PkBudg650 - 2040', '8e01a106a4924c759f988cd7afa99b6c')",technosphere,0.0007115367916412652,0.0007115367916412652,0.0006091924585969736,0.0007137494148272296
"market for inorganic phosphorus fertiliser, as P2O5","inorganic phosphorus fertiliser, as P2O5",IL,,remind - SSP1-PkBudg650 - 2040,"('remind - SSP1-PkBudg650 - 2040', 'b15642dba2054446bf92cd6203cc782a')","milk production, from cow",cow milk,RoW,,remind - SSP1-PkBudg650 - 2040,"('remind - SSP1-PkBudg650 - 2040', '8e01a106a4924c759f988cd7afa99b6c')",technosphere,9.492642050190625e-08,9.492642050190625e-08,8.127262029272796e-08,9.52216074851101e-08
"market for inorganic phosphorus fertiliser, as P2O5","inorganic phosphorus fertiliser, as P2O5",MY,,remind - SSP1-PkBudg650 - 2040,"('remind - SSP1-PkBudg650 - 2040', 'e48d30ae2b664fc19b3b2544aafe684b')","milk production, from cow",cow milk,RoW,,remind - SSP1-PkBudg650 - 2040,"('remind - SSP1-PkBudg650 - 2040', '8e01a106a4924c759f988cd7afa99b6c')",technosphere,5.504225555341691e-06,5.504225555341691e-06,4.7125218795733655e-06,5.521341714657128e-06
"market for inorganic phosphorus fertiliser, as P2O5","inorganic phosphorus fertiliser, as P2O5",BD,,remind - SSP1-PkBudg650 - 2040,"('remind - SSP1-PkBudg650 - 2040', 'bc0265aa6e804682a8f7ad9d4fc1fcb7')","milk production, from cow",cow milk,RoW,,remind - SSP1-PkBudg650 - 2040,"('remind - SSP1-PkBudg650 - 2040', '8e01a106a4924c759f988cd7afa99b6c')",technosphere,9.86330724117579e-06,9.86330724117579e-06,8.444612364020368e-06,9.893978574757537e-06
"market for inorganic phosphorus fertiliser, as P2O5","inorganic phosphorus fertiliser, as P2O5",LK,,remind - SSP1-PkBudg650 - 2040,"('remind - SSP1-PkBudg650 - 2040', '3830a7a35641447e9dd0c0a7ee76fcb7')","milk production, from cow",cow milk,RoW,,remind - SSP1-PkBudg650 - 2040,"('remind - SSP1-PkBudg650 - 2040', '8e01a106a4924c759f988cd7afa99b6c')",technosphere,3.646379980182246e-07,3.646379980182246e-07,3.121900667964252e-07,3.6577189087995246e-07
"market for inorganic phosphorus fertiliser, as P2O5","inorganic phosphorus fertiliser, as P2O5",ID,,remind - SSP1-PkBudg650 - 2040,"('remind - SSP1-PkBudg650 - 2040', '69d36ef15073427292454e1c8374bef8')","milk production, from cow",cow milk,RoW,,remind - SSP1-PkBudg650 - 2040,"('remind - SSP1-PkBudg650 - 2040', '8e01a106a4924c759f988cd7afa99b6c')",technosphere,2.107366526615806e-05,2.107366526615806e-05,1.804252163198464e-05,2.113919677616417e-05
"market for inorganic phosphorus fertiliser, as P2O5","inorganic phosphorus fertiliser, as P2O5",NZ,,remind - SSP1-PkBudg650 - 2040,"('remind - SSP1-PkBudg650 - 2040', 'c06777ca7cea4665bc2fa3784fd08fac')","milk production, from cow",cow milk,RoW,,remind - SSP1-PkBudg650 - 2040,"('remind - SSP1-PkBudg650 - 2040', '8e01a106a4924c759f988cd7afa99b6c')",technosphere,5.104931915411726e-06,5.104931915411726e-06,4.370660886482642e-06,5.120806415299153e-06
"market group for inorganic phosphorus fertiliser, as P2O5","inorganic phosphorus fertiliser, as P2O5",RER,,remind - SSP1-PkBudg650 - 2040,"('remind - SSP1-PkBudg650 - 2040', '187f28391de9440aa5ba87714f63150d')","milk production, from cow",cow milk,RoW,,remind - SSP1-PkBudg650 - 2040,"('remind - SSP1-PkBudg650 - 2040', '8e01a106a4924c759f988cd7afa99b6c')",technosphere,5.024018537369557e-05,5.024018537369557e-05,4.3013857340492785e-05,5.039641425789504e-05
"market for inorganic phosphorus fertiliser, as P2O5","inorganic phosphorus fertiliser, as P2O5",IN,,remind - SSP1-PkBudg650 - 2040,"('remind - SSP1-PkBudg650 - 2040', 'e3db605c22014b3fa170b5caa20bd724')","milk production, from cow",cow milk,RoW,,remind - SSP1-PkBudg650 - 2040,"('remind - SSP1-PkBudg650 - 2040', '8e01a106a4924c759f988cd7afa99b6c')",technosphere,0.0001032799482345581,0.0001032799482345581,8.842461321451894e-05,0.00010360111168076849
"market for inorganic phosphorus fertiliser, as P2O5","inorganic phosphorus fertiliser, as P2O5",VN,,remind - SSP1-PkBudg650 - 2040,"('remind - SSP1-PkBudg650 - 2040', '39ab6deaa17841c7980a96dcd727b930')","milk production, from cow",cow milk,RoW,,remind - SSP1-PkBudg650 - 2040,"('remind - SSP1-PkBudg650 - 2040', '8e01a106a4924c759f988cd7afa99b6c')",technosphere,1.2067709576513153e-05,1.2067709576513153e-05,1.033194313057633e-05,1.2105235807516453e-05
"market for inorganic phosphorus fertiliser, as P2O5","inorganic phosphorus fertiliser, as P2O5",CO,,remind - SSP1-PkBudg650 - 2040,"('remind - SSP1-PkBudg650 - 2040', 'cad7537ba9ad4e4292cf8dab636b3ecc')","milk production, from cow",cow milk,RoW,,remind - SSP1-PkBudg650 - 2040,"('remind - SSP1-PkBudg650 - 2040', '8e01a106a4924c759f988cd7afa99b6c')",technosphere,3.2862621992535423e-06,3.2862621992535423e-06,2.8135806500458414e-06,3.2964812912564372e-06
"market for inorganic phosphorus fertiliser, as P2O5","inorganic phosphorus fertiliser, as P2O5",TH,,remind - SSP1-PkBudg650 - 2040,"('remind - SSP1-PkBudg650 - 2040', '0b2de30429994326a4f33b6c247bf965')","milk production, from cow",cow milk,RoW,,remind - SSP1-PkBudg650 - 2040,"('remind - SSP1-PkBudg650 - 2040', '8e01a106a4924c759f988cd7afa99b6c')",technosphere,7.752324563625734e-06,7.752324563625734e-06,6.637264181186417e-06,7.776431501279701e-06
"market for inorganic phosphorus fertiliser, as P2O5","inorganic phosphorus fertiliser, as P2O5",EC,,remind - SSP1-PkBudg650 - 2040,"('remind - SSP1-PkBudg650 - 2040', 'c835acf0aea94b05a6c5423b8b16c583')","milk production, from cow",cow milk,RoW,,remind - SSP1-PkBudg650 - 2040,"('remind - SSP1-PkBudg650 - 2040', '8e01a106a4924c759f988cd7afa99b6c')",technosphere,6.524307991639944e-07,6.524307991639944e-07,5.585880129828719e-07,6.544596239983894e-07
"market for inorganic phosphorus fertiliser, as P2O5","inorganic phosphorus fertiliser, as P2O5",CR,,remind - SSP1-PkBudg650 - 2040,"('remind - SSP1-PkBudg650 - 2040', 'a57f220412e945d5980ed3be71a16749')","milk production, from cow",cow milk,RoW,,remind - SSP1-PkBudg650 - 2040,"('remind - SSP1-PkBudg650 - 2040', '8e01a106a4924c759f988cd7afa99b6c')",technosphere,3.5861091873812256e-07,3.5861091873812256e-07,3.070298961798995e-07,3.5972606955373915e-07
"market for inorganic phosphorus fertiliser, as P2O5","inorganic phosphorus fertiliser, as P2O5",CN,,remind - SSP1-PkBudg650 - 2040,"('remind - SSP1-PkBudg650 - 2040', 'fb249f11804a480a84a8a3fb594cf64d')","milk production, from cow",cow milk,RoW,,remind - SSP1-PkBudg650 - 2040,"('remind - SSP1-PkBudg650 - 2040', '8e01a106a4924c759f988cd7afa99b6c')",technosphere,0.00018232200818601996,0.00018232200818601996,0.00015609760974830478,0.0001828889639743404
"market for inorganic phosphorus fertiliser, as P2O5","inorganic phosphorus fertiliser, as P2O5",AU,,remind - SSP1-PkBudg650 - 2040,"('remind - SSP1-PkBudg650 - 2040', '4c085fafa2fb4f9586770bbcb4a3b653')","milk production, from cow",cow milk,RoW,,remind - SSP1-PkBudg650 - 2040,"('remind - SSP1-PkBudg650 - 2040', '8e01a106a4924c759f988cd7afa99b6c')",technosphere,1.2317833352426533e-05,1.2317833352426533e-05,1.054609019899532e-05,1.2356137378299261e-05
"market for inorganic phosphorus fertiliser, as P2O5","inorganic phosphorus fertiliser, as P2O5",TR,,remind - SSP1-PkBudg650 - 2040,"('remind - SSP1-PkBudg650 - 2040', 'ede584c8cc54452092a33232e864cce5')","milk production, from cow",cow milk,RoW,,remind - SSP1-PkBudg650 - 2040,"('remind - SSP1-PkBudg650 - 2040', '8e01a106a4924c759f988cd7afa99b6c')",technosphere,1.133541991293896e-05,1.133541991293896e-05,9.704982802173767e-06,1.1370668986798034e-05
"market for inorganic potassium fertiliser, as K2O","inorganic potassium fertiliser, as K2O",PE,,remind - SSP1-PkBudg650 - 2040,"('remind - SSP1-PkBudg650 - 2040', 'c44bde8c362546c5a7da6dc5bd88dec5')","milk production, from cow",cow milk,RoW,,remind - SSP1-PkBudg650 - 2040,"('remind - SSP1-PkBudg650 - 2040', '8e01a106a4924c759f988cd7afa99b6c')",technosphere,1.0274428632328636e-06,1.0274428632328636e-06,8.796599856445751e-07,1.0306378405385331e-06
"market for inorganic potassium fertiliser, as K2O","inorganic potassium fertiliser, as K2O",BR,,remind - SSP1-PkBudg650 - 2040,"('remind - SSP1-PkBudg650 - 2040', 'bcf4137ea7c542c28a3f965b48f018e9')","milk production, from cow",cow milk,RoW,,remind - SSP1-PkBudg650 - 2040,"('remind - SSP1-PkBudg650 - 2040', '8e01a106a4924c759f988cd7afa99b6c')",technosphere,4.44137622253038e-05,4.44137622253038e-05,3.802548135728065e-05,4.4551873031702074e-05
"market group for inorganic potassium fertiliser, as K2O","inorganic potassium fertiliser, as K2O",RER,,remind - SSP1-PkBudg650 - 2040,"('remind - SSP1-PkBudg650 - 2040', 'b3669ac529814bf6b33a0f588dbd85cd')","milk production, from cow",cow milk,RoW,,remind - SSP1-PkBudg650 - 2040,"('remind - SSP1-PkBudg650 - 2040', '8e01a106a4924c759f988cd7afa99b6c')",technosphere,2.7450330890133046e-05,2.7450330890133046e-05,2.350199562511391e-05,2.75356915338881e-05
"market for inorganic potassium fertiliser, as K2O","inorganic potassium fertiliser, as K2O",CR,,remind - SSP1-PkBudg650 - 2040,"('remind - SSP1-PkBudg650 - 2040', 'a146adeb38fe4d9a9fa407143855d82a')","milk production, from cow",cow milk,RoW,,remind - SSP1-PkBudg650 - 2040,"('remind - SSP1-PkBudg650 - 2040', '8e01a106a4924c759f988cd7afa99b6c')",technosphere,6.374091867655807e-07,6.374091867655807e-07,5.457270434636821e-07,6.39391299794945e-07
"market for inorganic potassium fertiliser, as K2O","inorganic potassium fertiliser, as K2O",TH,,remind - SSP1-PkBudg650 - 2040,"('remind - SSP1-PkBudg650 - 2040', '35976437ab9e4528a7c1673d34e959ac')","milk production, from cow",cow milk,RoW,,remind - SSP1-PkBudg650 - 2040,"('remind - SSP1-PkBudg650 - 2040', '8e01a106a4924c759f988cd7afa99b6c')",technosphere,3.583909119697637e-06,3.583909119697637e-06,3.068415342206881e-06,3.595053786435587e-06
"market for inorganic potassium fertiliser, as K2O","inorganic potassium fertiliser, as K2O",MY,,remind - SSP1-PkBudg650 - 2040,"('remind - SSP1-PkBudg650 - 2040', '0c2b62f44f694f1e8b797d25fbe134dd')","milk production, from cow",cow milk,RoW,,remind - SSP1-PkBudg650 - 2040,"('remind - SSP1-PkBudg650 - 2040', '8e01a106a4924c759f988cd7afa99b6c')",technosphere,1.0557469067862257e-05,1.0557469067862257e-05,9.038928996457412e-06,1.059029899474597e-05
"market for inorganic potassium fertiliser, as K2O","inorganic potassium fertiliser, as K2O",PH,,remind - SSP1-PkBudg650 - 2040,"('remind - SSP1-PkBudg650 - 2040', '2d5691c43a964c81b775a95c2f5353c8')","milk production, from cow",cow milk,RoW,,remind - SSP1-PkBudg650 - 2040,"('remind - SSP1-PkBudg650 - 2040', '8e01a106a4924c759f988cd7afa99b6c')",technosphere,1.2285303228054545e-06,1.2285303228054545e-06,1.0518239065115193e-06,1.2323506096955105e-06
"market for inorganic potassium fertiliser, as K2O","inorganic potassium fertiliser, as K2O",EC,,remind - SSP1-PkBudg650 - 2040,"('remind - SSP1-PkBudg650 - 2040', '03b6c197065d4dcd98a4bfb193ce1afe')","milk production, from cow",cow milk,RoW,,remind - SSP1-PkBudg650 - 2040,"('remind - SSP1-PkBudg650 - 2040', '8e01a106a4924c759f988cd7afa99b6c')",technosphere,9.712902055980521e-07,9.712902055980521e-07,8.315840801353187e-07,9.74310568359968e-07
"market for inorganic potassium fertiliser, as K2O","inorganic potassium fertiliser, as K2O",CO,,remind - SSP1-PkBudg650 - 2040,"('remind - SSP1-PkBudg650 - 2040', '4b1a83bb4bef4142b641e090a6f63191')","milk production, from cow",cow milk,RoW,,remind - SSP1-PkBudg650 - 2040,"('remind - SSP1-PkBudg650 - 2040', '8e01a106a4924c759f988cd7afa99b6c')",technosphere,2.587577682788833e-06,2.587577682788833e-06,2.215391851702768e-06,2.595624117553248e-06
"market for inorganic potassium fertiliser, as K2O","inorganic potassium fertiliser, as K2O",IL,,remind - SSP1-PkBudg650 - 2040,"('remind - SSP1-PkBudg650 - 2040', '772736f987494353bbb6a267baef61fc')","milk production, from cow",cow milk,RoW,,remind - SSP1-PkBudg650 - 2040,"('remind - SSP1-PkBudg650 - 2040', '8e01a106a4924c759f988cd7afa99b6c')",technosphere,2.7317537387716584e-07,2.7317537387716584e-07,2.338830255797653e-07,2.7402485091500234e-07
"market for inorganic potassium fertiliser, as K2O","inorganic potassium fertiliser, as K2O",ID,,remind - SSP1-PkBudg650 - 2040,"('remind - SSP1-PkBudg650 - 2040', '9d1afdf876c747468173140c751a7c81')","milk production, from cow",cow milk,RoW,,remind - SSP1-PkBudg650 - 2040,"('remind - SSP1-PkBudg650 - 2040', '8e01a106a4924c759f988cd7afa99b6c')",technosphere,1.5287196220015176e-05,1.5287196220015176e-05,1.3088352928095185e-05,1.5334733895089955e-05
"market for inorganic potassium fertiliser, as K2O","inorganic potassium fertiliser, as K2O",IN,,remind - SSP1-PkBudg650 - 2040,"('remind - SSP1-PkBudg650 - 2040', '20fc96a17cfd4624bc86760030940499')","milk production, from cow",cow milk,RoW,,remind - SSP1-PkBudg650 - 2040,"('remind - SSP1-PkBudg650 - 2040', '8e01a106a4924c759f988cd7afa99b6c')",technosphere,2.1092932001920417e-05,2.1092932001920417e-05,1.8059017124931865e-05,2.115852342453648e-05
"market for inorganic potassium fertiliser, as K2O","inorganic potassium fertiliser, as K2O",AU,,remind - SSP1-PkBudg650 - 2040,"('remind - SSP1-PkBudg650 - 2040', 'e4413516a622470e973880652a73ef1e')","milk production, from cow",cow milk,RoW,,remind - SSP1-PkBudg650 - 2040,"('remind - SSP1-PkBudg650 - 2040', '8e01a106a4924c759f988cd7afa99b6c')",technosphere,1.7710869997245027e-06,1.7710869997245027e-06,1.5163416093531702e-06,1.776594442496241e-06
"market for inorganic potassium fertiliser, as K2O","inorganic potassium fertiliser, as K2O",CI,,remind - SSP1-PkBudg650 - 2040,"('remind - SSP1-PkBudg650 - 2040', '7d0a50e0e14f42bf83893c017623366b')","milk production, from cow",cow milk,RoW,,remind - SSP1-PkBudg650 - 2040,"('remind - SSP1-PkBudg650 - 2040', '8e01a106a4924c759f988cd7afa99b6c')",technosphere,4.5984521079844853e-07,4.5984521079844853e-07,3.937030914370279e-07,4.612751638062479e-07
"market for inorganic potassium fertiliser, as K2O","inorganic potassium fertiliser, as K2O",RU,,remind - SSP1-PkBudg650 - 2040,"('remind - SSP1-PkBudg650 - 2040', '862d64e9a1a94c4588decf434cf99012')","milk production, from cow",cow milk,RoW,,remind - SSP1-PkBudg650 - 2040,"('remind - SSP1-PkBudg650 - 2040', '8e01a106a4924c759f988cd7afa99b6c')",technosphere,2.21575578507327e-06,2.21575578507327e-06,1.8970511858504025e-06,2.222645987634938e-06
"market for inorganic potassium fertiliser, as K2O","inorganic potassium fertiliser, as K2O",CY,,remind - SSP1-PkBudg650 - 2040,"('remind - SSP1-PkBudg650 - 2040', 'fd7bf70bfbb34c6395262da8b6a8b314')","milk production, from cow",cow milk,RoW,,remind - SSP1-PkBudg650 - 2040,"('remind - SSP1-PkBudg650 - 2040', '8e01a106a4924c759f988cd7afa99b6c')",technosphere,2.883517780105649e-08,2.883517780105649e-08,2.4687652226931926e-08,2.8924844819998484e-08
"market for inorganic potassium fertiliser, as K2O","inorganic potassium fertiliser, as K2O",MX,,remind - SSP1-PkBudg650 - 2040,"('remind - SSP1-PkBudg650 - 2040', '7eef94558530434481fbedae76dcdd6f')","milk production, from cow",cow milk,RoW,,remind - SSP1-PkBudg650 - 2040,"('remind - SSP1-PkBudg650 - 2040', '8e01a106a4924c759f988cd7afa99b6c')",technosphere,2.417601990600815e-06,2.417601990600815e-06,2.06986471798015e-06,2.425119862173553e-06
"market for inorganic potassium fertiliser, as K2O","inorganic potassium fertiliser, as K2O",CN,,remind - SSP1-PkBudg650 - 2040,"('remind - SSP1-PkBudg650 - 2040', '8fecaf584ae74aaaa3b8566fc277abff')","milk production, from cow",cow milk,RoW,,remind - SSP1-PkBudg650 - 2040,"('remind - SSP1-PkBudg650 - 2040', '8e01a106a4924c759f988cd7afa99b6c')",technosphere,7.439171895384789e-05,7.439171895384789e-05,6.369154020021224e-05,7.462305041011926e-05
"market for inorganic potassium fertiliser, as K2O","inorganic potassium fertiliser, as K2O",KE,,remind - SSP1-PkBudg650 - 2040,"('remind - SSP1-PkBudg650 - 2040', '42506a04348142ff875dcd9bc81bff33')","milk production, from cow",cow milk,RoW,,remind - SSP1-PkBudg650 - 2040,"('remind - SSP1-PkBudg650 - 2040', '8e01a106a4924c759f988cd7afa99b6c')",technosphere,1.396229691863482e-07,1.396229691863482e-07,1.195402133444762e-07,1.400571463400022e-07
"market for inorganic potassium fertiliser, as K2O","inorganic potassium fertiliser, as K2O",BD,,remind - SSP1-PkBudg650 - 2040,"('remind - SSP1-PkBudg650 - 2040', '7d4ba51933d147f2a02edaa7f594073e')","milk production, from cow",cow milk,RoW,,remind - SSP1-PkBudg650 - 2040,"('remind - SSP1-PkBudg650 - 2040', '8e01a106a4924c759f988cd7afa99b6c')",technosphere,3.592256007323158e-06,3.592256007323158e-06,3.0755616501054436e-06,3.603426629875773e-06
"market for inorganic potassium fertiliser, as K2O","inorganic potassium fertiliser, as K2O",LK,,remind - SSP1-PkBudg650 - 2040,"('remind - SSP1-PkBudg650 - 2040', '5b83d27123fb4bbeab0ecb2f9827378d')","milk production, from cow",cow milk,RoW,,remind - SSP1-PkBudg650 - 2040,"('remind - SSP1-PkBudg650 - 2040', '8e01a106a4924c759f988cd7afa99b6c')",technosphere,4.0293366510013584e-07,4.0293366510013584e-07,3.449774529966917e-07,4.0418664369559216e-07
"market for inorganic potassium fertiliser, as K2O","inorganic potassium fertiliser, as K2O",NZ,,remind - SSP1-PkBudg650 - 2040,"('remind - SSP1-PkBudg650 - 2040', 'b8f877adf3b842689d31752e6b36747f')","milk production, from cow",cow milk,RoW,,remind - SSP1-PkBudg650 - 2040,"('remind - SSP1-PkBudg650 - 2040', '8e01a106a4924c759f988cd7afa99b6c')",technosphere,1.1738952707673889e-06,1.1738952707673889e-06,1.0050473208624905e-06,1.1775456623205827e-06
"market for inorganic potassium fertiliser, as K2O","inorganic potassium fertiliser, as K2O",US,,remind - SSP1-PkBudg650 - 2040,"('remind - SSP1-PkBudg650 - 2040', '509f9de2e7ee455a900c8613162b8fd6')","milk production, from cow",cow milk,RoW,,remind - SSP1-PkBudg650 - 2040,"('remind - SSP1-PkBudg650 - 2040', '8e01a106a4924c759f988cd7afa99b6c')",technosphere,3.9679482142673805e-05,3.9679482142673805e-05,3.397215936872758e-05,3.980287104290682e-05
"market for inorganic potassium fertiliser, as K2O","inorganic potassium fertiliser, as K2O",CL,,remind - SSP1-PkBudg650 - 2040,"('remind - SSP1-PkBudg650 - 2040', 'c92a4b0c375540f98f970b49202b8715')","milk production, from cow",cow milk,RoW,,remind - SSP1-PkBudg650 - 2040,"('remind - SSP1-PkBudg650 - 2040', '8e01a106a4924c759f988cd7afa99b6c')",technosphere,7.65649815548386e-07,7.65649815548386e-07,6.555221023530703e-07,7.680307107517162e-07
"market for inorganic potassium fertiliser, as K2O","inorganic potassium fertiliser, as K2O",TR,,remind - SSP1-PkBudg650 - 2040,"('remind - SSP1-PkBudg650 - 2040', 'cd54a5fbbdca4dae8e3880c63c024f0c')","milk production, from cow",cow milk,RoW,,remind - SSP1-PkBudg650 - 2040,"('remind - SSP1-PkBudg650 - 2040', '8e01a106a4924c759f988cd7afa99b6c')",technosphere,9.53078483689751e-07,9.53078483689751e-07,8.159918524741019e-07,9.56042214554871e-07
"market for inorganic potassium fertiliser, as K2O","inorganic potassium fertiliser, as K2O",VN,,remind - SSP1-PkBudg650 - 2040,"('remind - SSP1-PkBudg650 - 2040', '1e70a7aeb67a44e08c0a692c66df71d1')","milk production, from cow",cow milk,RoW,,remind - SSP1-PkBudg650 - 2040,"('remind - SSP1-PkBudg650 - 2040', '8e01a106a4924c759f988cd7afa99b6c')",technosphere,4.86403905597399e-06,4.86403905597399e-06,4.164416999977732e-06,4.8791644658180254e-06
"market for inorganic potassium fertiliser, as K2O","inorganic potassium fertiliser, as K2O",AR,,remind - SSP1-PkBudg650 - 2040,"('remind - SSP1-PkBudg650 - 2040', '0646a70575a14c988492a08cc8bef50d')","milk production, from cow",cow milk,RoW,,remind - SSP1-PkBudg650 - 2040,"('remind - SSP1-PkBudg650 - 2040', '8e01a106a4924c759f988cd7afa99b6c')",technosphere,3.5740444559451134e-07,3.5740444559451134e-07,3.059969568446159e-07,3.5851584471312204e-07
"market for inorganic potassium fertiliser, as K2O","inorganic potassium fertiliser, as K2O",RoW,,remind - SSP1-PkBudg650 - 2040,"('remind - SSP1-PkBudg650 - 2040', '18b180505eee4ae4bda602833a553237')","milk production, from cow",cow milk,RoW,,remind - SSP1-PkBudg650 - 2040,"('remind - SSP1-PkBudg650 - 2040', '8e01a106a4924c759f988cd7afa99b6c')",technosphere,0.0002870936586987227,0.0002870936586987227,0.00024579936532424893,0.0002879864165901522
"market for limestone, crushed, washed","limestone, crushed, washed",CH,,remind - SSP1-PkBudg650 - 2040,"('remind - SSP1-PkBudg650 - 2040', '6dea6b253b8e46c8882425a1bacd196b')","milk production, from cow",cow milk,RoW,,remind - SSP1-PkBudg650 - 2040,"('remind - SSP1-PkBudg650 - 2040', '8e01a106a4924c759f988cd7afa99b6c')",technosphere,2.90496814159269e-06,2.90496814159269e-06,2.4871302582129197e-06,2.914001546386488e-06
"market for limestone, crushed, washed","limestone, crushed, washed",RoW,,remind - SSP1-PkBudg650 - 2040,"('remind - SSP1-PkBudg650 - 2040', '58f947c7cbf04023a9009da9d460eec9')","milk production, from cow",cow milk,RoW,,remind - SSP1-PkBudg650 - 2040,"('remind - SSP1-PkBudg650 - 2040', '8e01a106a4924c759f988cd7afa99b6c')",technosphere,0.0029869363643229008,0.0029869363643229008,0.002557308531098374,0.002996224660771292
market for magnesium oxide,magnesium oxide,GLO,,remind - SSP1-PkBudg650 - 2040,"('remind - SSP1-PkBudg650 - 2040', '3995e77c16dc428795df5bc3d8b0fe94')","milk production, from cow",cow milk,RoW,,remind - SSP1-PkBudg650 - 2040,"('remind - SSP1-PkBudg650 - 2040', '8e01a106a4924c759f988cd7afa99b6c')",technosphere,0.0003784475557040423,0.0003784475557040423,0.0003240133182397623,0.0003796243913171254
"market for maize grain, feed","maize grain, feed",RoW,,remind - SSP1-PkBudg650 - 2040,"('remind - SSP1-PkBudg650 - 2040', 'c1755018262348ff8f863aaec0945eb4')","milk production, from cow",cow milk,RoW,,remind - SSP1-PkBudg650 - 2040,"('remind - SSP1-PkBudg650 - 2040', '8e01a106a4924c759f988cd7afa99b6c')",technosphere,0.21412445604801178,0.21412445604801178,0.2902046352089064,0.20579059217534362
market for maize silage,maize silage,BR,,remind - SSP1-PkBudg650 - 2040,"('remind - SSP1-PkBudg650 - 2040', '874e0c10302345caa0ab76ae19f76be2')","milk production, from cow",cow milk,RoW,,remind - SSP1-PkBudg650 - 2040,"('remind - SSP1-PkBudg650 - 2040', '8e01a106a4924c759f988cd7afa99b6c')",technosphere,0.008950051851570606,0.008950051851570606,0.012130078836503655,0.008601709979927572
market for maize silage,maize silage,RoW,,remind - SSP1-PkBudg650 - 2040,"('remind - SSP1-PkBudg650 - 2040', '1b78d0d4a9584e259c277becab44bec3')","milk production, from cow",cow milk,RoW,,remind - SSP1-PkBudg650 - 2040,"('remind - SSP1-PkBudg650 - 2040', '8e01a106a4924c759f988cd7afa99b6c')",technosphere,0.19318468868732452,0.19318468868732452,0.26182479639729,0.1856658142555177
market for maize silage,maize silage,CH,,remind - SSP1-PkBudg650 - 2040,"('remind - SSP1-PkBudg650 - 2040', 'ed49ef250f924f66b914b537cf44d4e5')","milk production, from cow",cow milk,RoW,,remind - SSP1-PkBudg650 - 2040,"('remind - SSP1-PkBudg650 - 2040', '8e01a106a4924c759f988cd7afa99b6c')",technosphere,0.000952821341343224,0.000952821341343224,0.0012913665953307567,0.0009157369115668
"manure, liquid, cattle, Recycled Content cut-off","manure, liquid, cattle",GLO,,remind - SSP1-PkBudg650 - 2040,"('remind - SSP1-PkBudg650 - 2040', 'ecdbe844b61645829675ed4784df4f30')","milk production, from cow",cow milk,RoW,,remind - SSP1-PkBudg650 - 2040,"('remind - SSP1-PkBudg650 - 2040', '8e01a106a4924c759f988cd7afa99b6c')",technosphere,-1.262975811958313,-1.262975811958313,-1.0813149074985557,-1.2669032119152503
"manure, solid, cattle, Recycled Content cut-off","manure, solid, cattle",GLO,,remind - SSP1-PkBudg650 - 2040,"('remind - SSP1-PkBudg650 - 2040', 'f4ec5c6df0824a72b060648faee79dd8')","milk production, from cow",cow milk,RoW,,remind - SSP1-PkBudg650 - 2040,"('remind - SSP1-PkBudg650 - 2040', '8e01a106a4924c759f988cd7afa99b6c')",technosphere,-0.9908972978591919,-0.9908972978591919,-0.8483709741945137,-0.9939786316172052
market for oat grain,oat grain,AU-QLD,,remind - SSP1-PkBudg650 - 2040,"('remind - SSP1-PkBudg650 - 2040', '720eba0f7729482082f82ea411981892')","milk production, from cow",cow milk,RoW,,remind - SSP1-PkBudg650 - 2040,"('remind - SSP1-PkBudg650 - 2040', '8e01a106a4924c759f988cd7afa99b6c')",technosphere,1.532174246676732e-05,1.532174246676732e-05,2.0765683497339613e-05,1.472541022912004e-05
market for oat grain,oat grain,AU-TAS,,remind - SSP1-PkBudg650 - 2040,"('remind - SSP1-PkBudg650 - 2040', 'ad981b6f292f44048bf4a5362efeb0ca')","milk production, from cow",cow milk,RoW,,remind - SSP1-PkBudg650 - 2040,"('remind - SSP1-PkBudg650 - 2040', '8e01a106a4924c759f988cd7afa99b6c')",technosphere,1.814427150748088e-06,1.814427150748088e-06,2.459108030508753e-06,1.7438084593557458e-06
market for oat grain,oat grain,RoW,,remind - SSP1-PkBudg650 - 2040,"('remind - SSP1-PkBudg650 - 2040', 'a4a22bf9932e499a990a95ec6b303069')","milk production, from cow",cow milk,RoW,,remind - SSP1-PkBudg650 - 2040,"('remind - SSP1-PkBudg650 - 2040', '8e01a106a4924c759f988cd7afa99b6c')",technosphere,0.004825177602469921,0.004825177602469921,0.0065396028636214775,0.004637378534383018
market for oat grain,oat grain,AU-SA,,remind - SSP1-PkBudg650 - 2040,"('remind - SSP1-PkBudg650 - 2040', 'a192f2a08b914399bc8d8958522f8f2e')","milk production, from cow",cow milk,RoW,,remind - SSP1-PkBudg650 - 2040,"('remind - SSP1-PkBudg650 - 2040', '8e01a106a4924c759f988cd7afa99b6c')",technosphere,4.056304169353098e-05,4.056304169353098e-05,5.4975423802105776e-05,3.8984301581474594e-05
market for oat grain,oat grain,AU-NSW,,remind - SSP1-PkBudg650 - 2040,"('remind - SSP1-PkBudg650 - 2040', '6ae9ec71d8a64ec4abe950a8fa196b03')","milk production, from cow",cow milk,RoW,,remind - SSP1-PkBudg650 - 2040,"('remind - SSP1-PkBudg650 - 2040', '8e01a106a4924c759f988cd7afa99b6c')",technosphere,0.00016206648433580995,0.00016206648433580995,0.00021965003827361914,0.00015575875076952503
market for oat grain,oat grain,CH,,remind - SSP1-PkBudg650 - 2040,"('remind - SSP1-PkBudg650 - 2040', 'b3f7635961c84fe8a65094a963ed1456')","milk production, from cow",cow milk,RoW,,remind - SSP1-PkBudg650 - 2040,"('remind - SSP1-PkBudg650 - 2040', '8e01a106a4924c759f988cd7afa99b6c')",technosphere,5.784606855741004e-07,5.784606855741004e-07,7.839925216299666e-07,5.559466173623688e-07
market for oat grain,oat grain,AU-WA,,remind - SSP1-PkBudg650 - 2040,"('remind - SSP1-PkBudg650 - 2040', 'de982fae686040da8e968f7f449118ac')","milk production, from cow",cow milk,RoW,,remind - SSP1-PkBudg650 - 2040,"('remind - SSP1-PkBudg650 - 2040', '8e01a106a4924c759f988cd7afa99b6c')",technosphere,0.00017293960263486952,0.00017293960263486952,0.00023438646487243016,0.00016620868019306698
market for oat grain,oat grain,AU-VIC,,remind - SSP1-PkBudg650 - 2040,"('remind - SSP1-PkBudg650 - 2040', '99fec839bfb5416aa4693b741268a454')","milk production, from cow",cow milk,RoW,,remind - SSP1-PkBudg650 - 2040,"('remind - SSP1-PkBudg650 - 2040', '8e01a106a4924c759f988cd7afa99b6c')",technosphere,8.399892249144614e-05,8.399892249144614e-05,0.00011384443005475963,8.072962949047501e-05
"market for operation, housing system, cattle, loose, per animal unit","operation, housing system, cattle, loose, per animal unit",GLO,,remind - SSP1-PkBudg650 - 2040,"('remind - SSP1-PkBudg650 - 2040', 'f8b84ea10bbc4eeb826d85e631bc06a1')","milk production, from cow",cow milk,RoW,,remind - SSP1-PkBudg650 - 2040,"('remind - SSP1-PkBudg650 - 2040', '8e01a106a4924c759f988cd7afa99b6c')",technosphere,1.234246064996114e-05,1.234246064996114e-05,1.0567175214007825e-05,1.2380841257860508e-05
"market for operation, housing system, cattle, tied, per animal unit","operation, housing system, cattle, tied, per animal unit",GLO,,remind - SSP1-PkBudg650 - 2040,"('remind - SSP1-PkBudg650 - 2040', 'b3fee756d0b34b8d87d399ba2de8dec7')","milk production, from cow",cow milk,RoW,,remind - SSP1-PkBudg650 - 2040,"('remind - SSP1-PkBudg650 - 2040', '8e01a106a4924c759f988cd7afa99b6c')",technosphere,0.00012194956070743501,0.00012194956070743501,0.00010440887046869437,0.00012232877992520314
Distiller's Dried Grains with Solubles to generic market for protein feed,"protein feed, 100% crude",GLO,,remind - SSP1-PkBudg650 - 2040,"('remind - SSP1-PkBudg650 - 2040', '3a8648bf6f4b43b7adea33f5a69fee0e')","milk production, from cow",cow milk,RoW,,remind - SSP1-PkBudg650 - 2040,"('remind - SSP1-PkBudg650 - 2040', '8e01a106a4924c759f988cd7afa99b6c')",technosphere,0.002394384238868952,0.002394384238868952,0.003245128638809547,0.0023011932382990697
"market for protein feed, 100% crude","protein feed, 100% crude",GLO,,remind - SSP1-PkBudg650 - 2040,"('remind - SSP1-PkBudg650 - 2040', '935e5e34a8f64001a00a2eb4fd395c7a')","milk production, from cow",cow milk,RoW,,remind - SSP1-PkBudg650 - 2040,"('remind - SSP1-PkBudg650 - 2040', '8e01a106a4924c759f988cd7afa99b6c')",technosphere,0.0034655563067644835,0.0034655563067644835,0.004696896946582344,0.0033306745887361332
market for rape meal,rape meal,GLO,,remind - SSP1-PkBudg650 - 2040,"('remind - SSP1-PkBudg650 - 2040', 'fed51b0e80b64cf1bb34b58ac3278ef0')","milk production, from cow",cow milk,RoW,,remind - SSP1-PkBudg650 - 2040,"('remind - SSP1-PkBudg650 - 2040', '8e01a106a4924c759f988cd7afa99b6c')",technosphere,0.006117724347859621,0.006117724347859621,0.008291402091320017,0.005879618515081054
"market for sodium chloride, powder","sodium chloride, powder",GLO,,remind - SSP1-PkBudg650 - 2040,"('remind - SSP1-PkBudg650 - 2040', 'ecc700e711934ac187af9ab73910194b')","milk production, from cow",cow milk,RoW,,remind - SSP1-PkBudg650 - 2040,"('remind - SSP1-PkBudg650 - 2040', '8e01a106a4924c759f988cd7afa99b6c')",technosphere,0.001555250259116292,0.001555250259116292,0.001331549879380387,0.0015600865273510804
"market for soybean, feed","soybean, feed",GLO,,remind - SSP1-PkBudg650 - 2040,"('remind - SSP1-PkBudg650 - 2040', '49c890f6e17640339037a8c367a0211c')","milk production, from cow",cow milk,RoW,,remind - SSP1-PkBudg650 - 2040,"('remind - SSP1-PkBudg650 - 2040', '8e01a106a4924c759f988cd7afa99b6c')",technosphere,0.09783760458230972,0.09783760458230972,0.13260010963509958,0.09402970102348375
market for straw,straw,CH,,remind - SSP1-PkBudg650 - 2040,"('remind - SSP1-PkBudg650 - 2040', '5aaf93688f5f4bd29a4b8e556b9b3e5d')","milk production, from cow",cow milk,RoW,,remind - SSP1-PkBudg650 - 2040,"('remind - SSP1-PkBudg650 - 2040', '8e01a106a4924c759f988cd7afa99b6c')",technosphere,0.0001385580253554508,0.0001385580253554508,0.0001877888305973276,0.00013316525638785978
market for straw,straw,Europe without Switzerland,,remind - SSP1-PkBudg650 - 2040,"('remind - SSP1-PkBudg650 - 2040', '879fc19e0932452889300a56379c59d6')","milk production, from cow",cow milk,RoW,,remind - SSP1-PkBudg650 - 2040,"('remind - SSP1-PkBudg650 - 2040', '8e01a106a4924c759f988cd7afa99b6c')",technosphere,0.0033981804735958576,0.0033981804735958576,0.004605581926114934,0.0032659210670600773
market for straw,straw,RoW,,remind - SSP1-PkBudg650 - 2040,"('remind - SSP1-PkBudg650 - 2040', '20c4b6b3e2644324b0c1c845f936a46d')","milk production, from cow",cow milk,RoW,,remind - SSP1-PkBudg650 - 2040,"('remind - SSP1-PkBudg650 - 2040', '8e01a106a4924c759f988cd7afa99b6c')",technosphere,0.042821936309337616,0.042821936309337616,0.05803692224116562,0.04115527854145488
"market for transport, passenger, car, petrol, large size, EURO 4","transport, passenger, car, petrol, large size, EURO 4",GLO,,remind - SSP1-PkBudg650 - 2040,"('remind - SSP1-PkBudg650 - 2040', 'ad4f1af4b3aa40aea6253fcac53308e0')","milk production, from cow",cow milk,RoW,,remind - SSP1-PkBudg650 - 2040,"('remind - SSP1-PkBudg650 - 2040', '8e01a106a4924c759f988cd7afa99b6c')",technosphere,0.009138889610767365,0.009138889610767365,0.007824391790040552,0.009167308266393183
market for urea,urea,RoW,,remind - SSP1-PkBudg650 - 2040,"('remind - SSP1-PkBudg650 - 2040', '86ff8f3e9bce4b16adeef26912e424a9')","milk production, from cow",cow milk,RoW,,remind - SSP1-PkBudg650 - 2040,"('remind - SSP1-PkBudg650 - 2040', '8e01a106a4924c759f988cd7afa99b6c')",technosphere,0.0005113980732858181,0.0005113980732858181,0.00043784081616936484,0.000512988337130924
market for urea,urea,RER,,remind - SSP1-PkBudg650 - 2040,"('remind - SSP1-PkBudg650 - 2040', '078f86358a32403aa1165bca81307fad')","milk production, from cow",cow milk,RoW,,remind - SSP1-PkBudg650 - 2040,"('remind - SSP1-PkBudg650 - 2040', '8e01a106a4924c759f988cd7afa99b6c')",technosphere,8.017863001441583e-05,8.017863001441583e-05,6.864608734110945e-05,8.042795668012422e-05
market for urea,urea,CN,,remind - SSP1-PkBudg650 - 2040,"('remind - SSP1-PkBudg650 - 2040', 'c557445cfc194c15bfd98ab0c8687f59')","milk production, from cow",cow milk,RoW,,remind - SSP1-PkBudg650 - 2040,"('remind - SSP1-PkBudg650 - 2040', '8e01a106a4924c759f988cd7afa99b6c')",technosphere,0.0004366976208984852,0.0004366976208984852,0.00037388494939938805,0.0004380555932375215
market for wheat bran,wheat bran,RoW,,remind - SSP1-PkBudg650 - 2040,"('remind - SSP1-PkBudg650 - 2040', '0c6f729a681a47e7a444df52fb46109f')","milk production, from cow",cow milk,RoW,,remind - SSP1-PkBudg650 - 2040,"('remind - SSP1-PkBudg650 - 2040', '8e01a106a4924c759f988cd7afa99b6c')",technosphere,0.020398229360580444,0.020398229360580444,0.02764588790907435,0.019604316932864
"market for wheat grain, feed","wheat grain, feed",RoW,,remind - SSP1-PkBudg650 - 2040,"('remind - SSP1-PkBudg650 - 2040', '351f8f24cdeb4c6e93fbfe010626e1f2')","milk production, from cow",cow milk,RoW,,remind - SSP1-PkBudg650 - 2040,"('remind - SSP1-PkBudg650 - 2040', '8e01a106a4924c759f988cd7afa99b6c')",technosphere,0.005043856333941221,0.005043856333941221,0.006835979945743967,0.004847546146603554
"market for wheat grain, feed","wheat grain, feed",CH,,remind - SSP1-PkBudg650 - 2040,"('remind - SSP1-PkBudg650 - 2040', '9e5412af622743b3a1789f1fa9efb850')","milk production, from cow",cow milk,RoW,,remind - SSP1-PkBudg650 - 2040,"('remind - SSP1-PkBudg650 - 2040', '8e01a106a4924c759f988cd7afa99b6c')",technosphere,0.00031687269802205265,0.00031687269802205265,0.00042946017206242236,0.0003045398053715805
Ammonia,,,"('air', 'non-urban air or from high stacks')",biosphere3,"('biosphere3', '0f440cc0-0f74-446d-99d6-8ff0e97a2444')","milk production, from cow",cow milk,RoW,,remind - SSP1-PkBudg650 - 2040,"('remind - SSP1-PkBudg650 - 2040', '8e01a106a4924c759f988cd7afa99b6c')",biosphere,0.003729521296918392,0.003729521296918392,0.003193083302156158,0.0037411187650901716
Dinitrogen monoxide,,,"('air', 'non-urban air or from high stacks')",biosphere3,"('biosphere3', 'afd6d670-bbb0-4625-9730-04088a5b035e')","milk production, from cow",cow milk,RoW,,remind - SSP1-PkBudg650 - 2040,"('remind - SSP1-PkBudg650 - 2040', '8e01a106a4924c759f988cd7afa99b6c')",biosphere,0.0004166944127064198,0.0004166944127064198,0.00035675891498837314,0.00041799018227146135
"Methane, non-fossil",,,"('air', 'non-urban air or from high stacks')",biosphere3,"('biosphere3', '57bdb443-d4a6-423d-8024-959b8261d02e')","milk production, from cow",cow milk,RoW,,remind - SSP1-PkBudg650 - 2040,"('remind - SSP1-PkBudg650 - 2040', '8e01a106a4924c759f988cd7afa99b6c')",biosphere,0.018359851092100143,0.012374539636075495,0.01529375595971942,0.014669521022588013
Water,,,"('air',)",biosphere3,"('biosphere3', '075e433b-4be4-448e-9510-9a5029c1ce94')","milk production, from cow",cow milk,RoW,,remind - SSP1-PkBudg650 - 2040,"('remind - SSP1-PkBudg650 - 2040', '8e01a106a4924c759f988cd7afa99b6c')",biosphere,0.009468590840697289,0.009468590840697289,0.008106670240323022,0.009498034748417383
Nitrate,,,"('water',)",biosphere3,"('biosphere3', '5189de76-6bbb-44ba-8c42-5714f1b4371f')","milk production, from cow",cow milk,RoW,,remind - SSP1-PkBudg650 - 2040,"('remind - SSP1-PkBudg650 - 2040', '8e01a106a4924c759f988cd7afa99b6c')",biosphere,0.0012209286214783788,0.0012209286214783788,0.0010453156005808038,0.0012247252698148047
Phosphate,,,"('water',)",biosphere3,"('biosphere3', 'c8791f3c-3c4a-4278-91c0-483797d14da2')","milk production, from cow",cow milk,RoW,,remind - SSP1-PkBudg650 - 2040,"('remind - SSP1-PkBudg650 - 2040', '8e01a106a4924c759f988cd7afa99b6c')",biosphere,0.0001351742394035682,0.0001351742394035682,0.00011573136935237005,0.00013559458260965814
Water,,,"('water', 'surface water')",biosphere3,"('biosphere3', 'db4566b1-bd88-427d-92da-2d25879063b9')","milk production, from cow",cow milk,RoW,,remind - SSP1-PkBudg650 - 2040,"('remind - SSP1-PkBudg650 - 2040', '8e01a106a4924c759f988cd7afa99b6c')",biosphere,0.05365534871816635,0.05365534871816635,0.045937798560073934,0.053822197530510936
"Occupation, grassland, natural, for livestock grazing",,,"('natural resource', 'land')",biosphere3,"('biosphere3', 'e780232c-898f-4606-8d21-f8589801ebe6')","milk production, from cow",cow milk,RoW,,remind - SSP1-PkBudg650 - 2040,"('remind - SSP1-PkBudg650 - 2040', '8e01a106a4924c759f988cd7afa99b6c')",biosphere,4.2209248542785645,4.2209248542785645,3.6138055259234285,4.234050410551274
"Occupation, pasture, man made",,,"('natural resource', 'land')",biosphere3,"('biosphere3', '59ded913-17fe-4b3e-80cb-79b97cdbef9a')","milk production, from cow",cow milk,RoW,,remind - SSP1-PkBudg650 - 2040,"('remind - SSP1-PkBudg650 - 2040', '8e01a106a4924c759f988cd7afa99b6c')",biosphere,7.687489986419678,7.687489986419678,6.581755125359313,7.711395311886526
"Transformation, from grassland, natural (non-use)",,,"('natural resource', 'land')",biosphere3,"('biosphere3', 'b905c2e0-a0db-4e66-80d2-8bdfc93c6218')","milk production, from cow",cow milk,RoW,,remind - SSP1-PkBudg650 - 2040,"('remind - SSP1-PkBudg650 - 2040', '8e01a106a4924c759f988cd7afa99b6c')",biosphere,0.39680179953575134,0.39680179953575134,0.33972756809567756,0.39803571023748757
"Transformation, to grassland, natural, for livestock grazing",,,"('natural resource', 'land')",biosphere3,"('biosphere3', 'ce132b7d-ab1c-4df3-9656-8fe37ede77b1')","milk production, from cow",cow milk,RoW,,remind - SSP1-PkBudg650 - 2040,"('remind - SSP1-PkBudg650 - 2040', '8e01a106a4924c759f988cd7afa99b6c')",biosphere,0.13953469693660736,0.13953469693660736,0.11946463778819125,0.13996859959535296
"Transformation, to pasture, man made",,,"('natural resource', 'land')",biosphere3,"('biosphere3', '7a16b680-6d9a-4db3-a23e-0ec64aca5995')","milk production, from cow",cow milk,RoW,,remind - SSP1-PkBudg650 - 2040,"('remind - SSP1-PkBudg650 - 2040', '8e01a106a4924c759f988cd7afa99b6c')",biosphere,0.2572671175003052,0.2572671175003052,0.22026294306532979,0.258067125589633
"Water, unspecified natural origin",,,"('natural resource', 'in ground')",biosphere3,"('biosphere3', '478e8437-1c21-4032-8438-872a6b5ddcdf')","milk production, from cow",cow milk,RoW,,remind - SSP1-PkBudg650 - 2040,"('remind - SSP1-PkBudg650 - 2040', '8e01a106a4924c759f988cd7afa99b6c')",biosphere,0.06497084349393845,0.06497084349393845,0.05562572216946785,0.06517287942014088
"market group for electricity, low voltage","electricity, low voltage",World,,remind - SSP1-PkBudg650 - 2040,"('remind - SSP1-PkBudg650 - 2040', 'a3efa012dcf749c286adb7f54b16db8d')","milk production, from cow",cow milk,RoW,,remind - SSP1-PkBudg650 - 2040,"('remind - SSP1-PkBudg650 - 2040', '8e01a106a4924c759f988cd7afa99b6c')",technosphere,0.04574121818927779,0.04574121818927779,0.04574121818927779,0.04574121818927779
market for selenium,selenium,World,,remind - SSP1-PkBudg650 - 2040,"('remind - SSP1-PkBudg650 - 2040', 'ff8237a5e9dc43dbbd2cf0ff79490504')","milk production, from cow",cow milk,RoW,,remind - SSP1-PkBudg650 - 2040,"('remind - SSP1-PkBudg650 - 2040', '8e01a106a4924c759f988cd7afa99b6c')",technosphere,8.317329758256164e-08,8.317329758256164e-08,7.121001505356306e-08,8.343193658597818e-08
"market for wood chips, dry, measured as dry mass","wood chips, dry, measured as dry mass",RER,,remind - SSP1-PkBudg650 - 2040,"('remind - SSP1-PkBudg650 - 2040', 'bf81a8836df745298b8a10213297d92e')","milk production, from cow",cow milk,RoW,,remind - SSP1-PkBudg650 - 2040,"('remind - SSP1-PkBudg650 - 2040', '8e01a106a4924c759f988cd7afa99b6c')",technosphere,0.009677759371697903,0.009677759371697903,0.008285752886727657,0.009707853718224399
"market for wood chips, dry, measured as dry mass","wood chips, dry, measured as dry mass",RoW,,remind - SSP1-PkBudg650 - 2040,"('remind - SSP1-PkBudg650 - 2040', '7906ce5fcfc24df38e70ce182c4591a2')","milk production, from cow",cow milk,RoW,,remind - SSP1-PkBudg650 - 2040,"('remind - SSP1-PkBudg650 - 2040', '8e01a106a4924c759f988cd7afa99b6c')",technosphere,0.03895232826471329,0.03895232826471329,0.033349596117049046,0.03907345597824585
alfalfa/grass silage production,alfalfa-grass silage,CA-QC,,remind - SSP1-PkBudg650 - 2040,"('remind - SSP1-PkBudg650 - 2040', 'baf3941c72504847bc837e3000dc0dbd')","milk production, from cow",cow milk,CA-QC,,remind - SSP1-PkBudg650 - 2040,"('remind - SSP1-PkBudg650 - 2040', '6f450ea5c1354fb7b6d493cdac520535')",technosphere,0.35760319232940674,0.35760319232940674,0.48466254576836554,0.34368504220162965
"barley grain, feed production","barley grain, feed",CA-QC,,remind - SSP1-PkBudg650 - 2040,"('remind - SSP1-PkBudg650 - 2040', '4e197c96b9f14a45b0b2a133c0cdb5b9')","milk production, from cow",cow milk,CA-QC,,remind - SSP1-PkBudg650 - 2040,"('remind - SSP1-PkBudg650 - 2040', '6f450ea5c1354fb7b6d493cdac520535')",technosphere,0.03623821586370468,0.03623821586370468,0.04911395180842852,0.03482780080150011
"market for energy feed, gross","energy feed, gross",RoW,,remind - SSP1-PkBudg650 - 2040,"('remind - SSP1-PkBudg650 - 2040', '32ff7e79e3a047a88849052ea7fb52c2')","milk production, from cow",cow milk,CA-QC,,remind - SSP1-PkBudg650 - 2040,"('remind - SSP1-PkBudg650 - 2040', '6f450ea5c1354fb7b6d493cdac520535')",technosphere,0.19681186974048615,0.19681186974048615,0.16850331313397787,0.19742388378020478
hay production,hay,CA-QC,,remind - SSP1-PkBudg650 - 2040,"('remind - SSP1-PkBudg650 - 2040', '562308f90ee94dfbbc37c40196380f68')","milk production, from cow",cow milk,CA-QC,,remind - SSP1-PkBudg650 - 2040,"('remind - SSP1-PkBudg650 - 2040', '6f450ea5c1354fb7b6d493cdac520535')",technosphere,0.116688072681427,0.116688072681427,0.15814830398518745,0.11214649657545912
"market for limestone, crushed, washed","limestone, crushed, washed",RoW,,remind - SSP1-PkBudg650 - 2040,"('remind - SSP1-PkBudg650 - 2040', '58f947c7cbf04023a9009da9d460eec9')","milk production, from cow",cow milk,CA-QC,,remind - SSP1-PkBudg650 - 2040,"('remind - SSP1-PkBudg650 - 2040', '6f450ea5c1354fb7b6d493cdac520535')",technosphere,0.0017195321852341294,0.0017195321852341294,0.0014722022133853848,0.0017248793110985349
market for magnesium oxide,magnesium oxide,GLO,,remind - SSP1-PkBudg650 - 2040,"('remind - SSP1-PkBudg650 - 2040', '3995e77c16dc428795df5bc3d8b0fe94')","milk production, from cow",cow milk,CA-QC,,remind - SSP1-PkBudg650 - 2040,"('remind - SSP1-PkBudg650 - 2040', '6f450ea5c1354fb7b6d493cdac520535')",technosphere,0.00028372291126288474,0.00028372291126288474,0.0002429134514237027,0.00028460518734365004
"maize grain, feed production","maize grain, feed",CA-QC,,remind - SSP1-PkBudg650 - 2040,"('remind - SSP1-PkBudg650 - 2040', 'a31dc9670ae74073982c3076e78348c0')","milk production, from cow",cow milk,CA-QC,,remind - SSP1-PkBudg650 - 2040,"('remind - SSP1-PkBudg650 - 2040', '6f450ea5c1354fb7b6d493cdac520535')",technosphere,0.13799314200878143,0.13799314200878143,0.18702323955470979,0.13262235867049202
maize silage production,maize silage,CA-QC,,remind - SSP1-PkBudg650 - 2040,"('remind - SSP1-PkBudg650 - 2040', 'a7b62651070a432499d5dd89a7139928')","milk production, from cow",cow milk,CA-QC,,remind - SSP1-PkBudg650 - 2040,"('remind - SSP1-PkBudg650 - 2040', '6f450ea5c1354fb7b6d493cdac520535')",technosphere,0.4156661331653595,0.4156661331653595,0.563355726712983,0.3994881354054879
"manure, liquid, cattle, Recycled Content cut-off","manure, liquid, cattle",GLO,,remind - SSP1-PkBudg650 - 2040,"('remind - SSP1-PkBudg650 - 2040', 'ecdbe844b61645829675ed4784df4f30')","milk production, from cow",cow milk,CA-QC,,remind - SSP1-PkBudg650 - 2040,"('remind - SSP1-PkBudg650 - 2040', '6f450ea5c1354fb7b6d493cdac520535')",technosphere,-2.4314701557159424,-2.4314701557159424,-2.081738147017074,-2.4390311522880355
"manure, solid, cattle, Recycled Content cut-off","manure, solid, cattle",GLO,,remind - SSP1-PkBudg650 - 2040,"('remind - SSP1-PkBudg650 - 2040', 'f4ec5c6df0824a72b060648faee79dd8')","milk production, from cow",cow milk,CA-QC,,remind - SSP1-PkBudg650 - 2040,"('remind - SSP1-PkBudg650 - 2040', '6f450ea5c1354fb7b6d493cdac520535')",technosphere,-0.6447744369506836,-0.6447744369506836,-0.5520329083481881,-0.6467794532557765
oat grain production,oat grain,CA-QC,,remind - SSP1-PkBudg650 - 2040,"('remind - SSP1-PkBudg650 - 2040', 'e0c055850f6b4f0e9c98f05eb0a2c286')","milk production, from cow",cow milk,CA-QC,,remind - SSP1-PkBudg650 - 2040,"('remind - SSP1-PkBudg650 - 2040', '6f450ea5c1354fb7b6d493cdac520535')",technosphere,0.010852723382413387,0.010852723382413387,0.01470878520065102,0.010430328290390475
"operation, housing system, cattle, loose","operation, housing system, cattle, loose, per animal unit",CA-QC,,remind - SSP1-PkBudg650 - 2040,"('remind - SSP1-PkBudg650 - 2040', '0f4175f566e44a7cbb63060b406286c4')","milk production, from cow",cow milk,CA-QC,,remind - SSP1-PkBudg650 - 2040,"('remind - SSP1-PkBudg650 - 2040', '6f450ea5c1354fb7b6d493cdac520535')",technosphere,1.232091472047614e-05,1.232091472047614e-05,1.0548728356572037e-05,1.235922832829385e-05
"operation, housing system, cattle, tied","operation, housing system, cattle, tied, per animal unit",CA-QC,,remind - SSP1-PkBudg650 - 2040,"('remind - SSP1-PkBudg650 - 2040', 'c34bfef2f2fe4b49a89d278145dddc8b')","milk production, from cow",cow milk,CA-QC,,remind - SSP1-PkBudg650 - 2040,"('remind - SSP1-PkBudg650 - 2040', '6f450ea5c1354fb7b6d493cdac520535')",technosphere,0.0001218938414240256,0.0001218938414240256,0.00010436116560276165,0.00012227288737488775
Distiller's Dried Grains with Solubles to generic market for protein feed,"protein feed, 100% crude",GLO,,remind - SSP1-PkBudg650 - 2040,"('remind - SSP1-PkBudg650 - 2040', '3a8648bf6f4b43b7adea33f5a69fee0e')","milk production, from cow",cow milk,CA-QC,,remind - SSP1-PkBudg650 - 2040,"('remind - SSP1-PkBudg650 - 2040', '6f450ea5c1354fb7b6d493cdac520535')",technosphere,0.004900666419416666,0.004900666419416666,0.00664191347768543,0.004709929277202435
"market for protein feed, 100% crude","protein feed, 100% crude",GLO,,remind - SSP1-PkBudg650 - 2040,"('remind - SSP1-PkBudg650 - 2040', '935e5e34a8f64001a00a2eb4fd395c7a')","milk production, from cow",cow milk,CA-QC,,remind - SSP1-PkBudg650 - 2040,"('remind - SSP1-PkBudg650 - 2040', '6f450ea5c1354fb7b6d493cdac520535')",technosphere,0.007093070074915886,0.007093070074915886,0.009613296171739597,0.006817003148537375
"market for sodium chloride, powder","sodium chloride, powder",GLO,,remind - SSP1-PkBudg650 - 2040,"('remind - SSP1-PkBudg650 - 2040', 'ecc700e711934ac187af9ab73910194b')","milk production, from cow",cow milk,CA-QC,,remind - SSP1-PkBudg650 - 2040,"('remind - SSP1-PkBudg650 - 2040', '6f450ea5c1354fb7b6d493cdac520535')",technosphere,0.0017195321852341294,0.0017195321852341294,0.0014722022133853848,0.0017248793110985349
"soybean, feed production","soybean, feed",CA-QC,,remind - SSP1-PkBudg650 - 2040,"('remind - SSP1-PkBudg650 - 2040', 'dbdbb34d25304e10b6749615fdd8e581')","milk production, from cow",cow milk,CA-QC,,remind - SSP1-PkBudg650 - 2040,"('remind - SSP1-PkBudg650 - 2040', '6f450ea5c1354fb7b6d493cdac520535')",technosphere,0.169162780046463,0.169162780046463,0.2292677061759854,0.16257885400994704
market for straw,straw,RoW,,remind - SSP1-PkBudg650 - 2040,"('remind - SSP1-PkBudg650 - 2040', '20c4b6b3e2644324b0c1c845f936a46d')","milk production, from cow",cow milk,CA-QC,,remind - SSP1-PkBudg650 - 2040,"('remind - SSP1-PkBudg650 - 2040', '6f450ea5c1354fb7b6d493cdac520535')",technosphere,0.02387002855539322,0.02387002855539322,0.03235124589313995,0.022940991432362563
"market for transport, passenger, car, petrol, large size, EURO 4","transport, passenger, car, petrol, large size, EURO 4",GLO,,remind - SSP1-PkBudg650 - 2040,"('remind - SSP1-PkBudg650 - 2040', 'ad4f1af4b3aa40aea6253fcac53308e0')","milk production, from cow",cow milk,CA-QC,,remind - SSP1-PkBudg650 - 2040,"('remind - SSP1-PkBudg650 - 2040', '6f450ea5c1354fb7b6d493cdac520535')",technosphere,0.018704870715737343,0.018704870715737343,0.016014444105939506,0.018763036127733317
"wheat grain, feed production","wheat grain, feed",CA-QC,,remind - SSP1-PkBudg650 - 2040,"('remind - SSP1-PkBudg650 - 2040', 'f768d43c7da9465bbe714efb86c99232')","milk production, from cow",cow milk,CA-QC,,remind - SSP1-PkBudg650 - 2040,"('remind - SSP1-PkBudg650 - 2040', '6f450ea5c1354fb7b6d493cdac520535')",technosphere,0.010971983894705772,0.010971983894705772,0.014870419953184279,0.010544947105544789
Ammonia,,,"('air', 'non-urban air or from high stacks')",biosphere3,"('biosphere3', '0f440cc0-0f74-446d-99d6-8ff0e97a2444')","milk production, from cow",cow milk,CA-QC,,remind - SSP1-PkBudg650 - 2040,"('remind - SSP1-PkBudg650 - 2040', '6f450ea5c1354fb7b6d493cdac520535')",biosphere,0.002680128673091531,0.002680128673091531,0.002294630713263297,0.0026884629081066615
Dinitrogen monoxide,,,"('air', 'non-urban air or from high stacks')",biosphere3,"('biosphere3', 'afd6d670-bbb0-4625-9730-04088a5b035e')","milk production, from cow",cow milk,CA-QC,,remind - SSP1-PkBudg650 - 2040,"('remind - SSP1-PkBudg650 - 2040', '6f450ea5c1354fb7b6d493cdac520535')",biosphere,0.0005404980038292706,0.0005404980038292706,0.0004627551402647865,0.0005421787579790056
"Methane, non-fossil",,,"('air', 'non-urban air or from high stacks')",biosphere3,"('biosphere3', '57bdb443-d4a6-423d-8024-959b8261d02e')","milk production, from cow",cow milk,CA-QC,,remind - SSP1-PkBudg650 - 2040,"('remind - SSP1-PkBudg650 - 2040', '6f450ea5c1354fb7b6d493cdac520535')",biosphere,0.022048747166991234,0.01486085559055209,0.018366606390103696,0.017616948986425993
"market for wood chips, dry, measured as dry mass","wood chips, dry, measured as dry mass",CAZ,,remind - SSP1-PkBudg650 - 2040,"('remind - SSP1-PkBudg650 - 2040', '5f76f3d9b5e14e5aa8bd7c82e0d4a58e')","milk production, from cow",cow milk,CA-QC,,remind - SSP1-PkBudg650 - 2040,"('remind - SSP1-PkBudg650 - 2040', '6f450ea5c1354fb7b6d493cdac520535')",technosphere,0.04860785976052284,0.04860785976052284,0.041616318288118875,0.04875901269989251
market for selenium,selenium,World,,remind - SSP1-PkBudg650 - 2040,"('remind - SSP1-PkBudg650 - 2040', 'ff8237a5e9dc43dbbd2cf0ff79490504')","milk production, from cow",cow milk,CA-QC,,remind - SSP1-PkBudg650 - 2040,"('remind - SSP1-PkBudg650 - 2040', '6f450ea5c1354fb7b6d493cdac520535')",technosphere,1.7023357656853477e-07,1.7023357656853477e-07,1.4574792514429347e-07,1.7076294168776685e-07
alfalfa/grass silage production,alfalfa-grass silage,ZA,,remind - SSP1-PkBudg650 - 2040,"('remind - SSP1-PkBudg650 - 2040', '1c453d96f09340a8b2e6fabace09e610')","milk production, from cow",cow milk,ZA,,remind - SSP1-PkBudg650 - 2040,"('remind - SSP1-PkBudg650 - 2040', '3257fdd395714375b6ccfdbaf1af7531')",technosphere,0.0574413537979126,0.0574413537979126,0.0778507389230271,0.05520569873987366
"market for barley grain, feed","barley grain, feed",GLO,,remind - SSP1-PkBudg650 - 2040,"('remind - SSP1-PkBudg650 - 2040', 'cad734368d7f49d8a1f69119c6be680a')","milk production, from cow",cow milk,ZA,,remind - SSP1-PkBudg650 - 2040,"('remind - SSP1-PkBudg650 - 2040', '3257fdd395714375b6ccfdbaf1af7531')",technosphere,0.019741682335734367,0.019741682335734367,0.026756064330023546,0.018973323147624732
"market for diesel, burned in agricultural machinery","diesel, burned in agricultural machinery",GLO,,remind - SSP1-PkBudg650 - 2040,"('remind - SSP1-PkBudg650 - 2040', '48d50877ac70466a93e6a2c723df8dd1')","milk production, from cow",cow milk,ZA,,remind - SSP1-PkBudg650 - 2040,"('remind - SSP1-PkBudg650 - 2040', '3257fdd395714375b6ccfdbaf1af7531')",technosphere,0.35512426495552063,0.35512426495552063,0.30404474739342524,0.3562285735334744
"market for inorganic nitrogen fertiliser, as N","inorganic nitrogen fertiliser, as N",ZA,,remind - SSP1-PkBudg650 - 2040,"('remind - SSP1-PkBudg650 - 2040', 'a6a355d0d1484371940aec682eac61c9')","milk production, from cow",cow milk,ZA,,remind - SSP1-PkBudg650 - 2040,"('remind - SSP1-PkBudg650 - 2040', '3257fdd395714375b6ccfdbaf1af7531')",technosphere,0.007360757794231176,0.007360757794231176,0.006302018659444501,0.007383647100241926
"market for inorganic phosphorus fertiliser, as P2O5","inorganic phosphorus fertiliser, as P2O5",ZA,,remind - SSP1-PkBudg650 - 2040,"('remind - SSP1-PkBudg650 - 2040', 'c3582ee0807c40859318182777ebc96a')","milk production, from cow",cow milk,ZA,,remind - SSP1-PkBudg650 - 2040,"('remind - SSP1-PkBudg650 - 2040', '3257fdd395714375b6ccfdbaf1af7531')",technosphere,0.0024535858538001776,0.0024535858538001776,0.002100672820034399,0.002461215622229088
"market for inorganic potassium fertiliser, as K2O","inorganic potassium fertiliser, as K2O",ZA,,remind - SSP1-PkBudg650 - 2040,"('remind - SSP1-PkBudg650 - 2040', 'a34461725ea241aabb50824e8344b171')","milk production, from cow",cow milk,ZA,,remind - SSP1-PkBudg650 - 2040,"('remind - SSP1-PkBudg650 - 2040', '3257fdd395714375b6ccfdbaf1af7531')",technosphere,0.0010169468587264419,0.0010169468587264419,0.0008706736804164742,0.0010201091972378792
"market for limestone, crushed, washed","limestone, crushed, washed",RoW,,remind - SSP1-PkBudg650 - 2040,"('remind - SSP1-PkBudg650 - 2040', '58f947c7cbf04023a9009da9d460eec9')","milk production, from cow",cow milk,ZA,,remind - SSP1-PkBudg650 - 2040,"('remind - SSP1-PkBudg650 - 2040', '3257fdd395714375b6ccfdbaf1af7531')",technosphere,0.003979006316512823,0.003979006316512823,0.0034066834901650884,0.003991379593251904
market for magnesium oxide,magnesium oxide,GLO,,remind - SSP1-PkBudg650 - 2040,"('remind - SSP1-PkBudg650 - 2040', '3995e77c16dc428795df5bc3d8b0fe94')","milk production, from cow",cow milk,ZA,,remind - SSP1-PkBudg650 - 2040,"('remind - SSP1-PkBudg650 - 2040', '3257fdd395714375b6ccfdbaf1af7531')",technosphere,0.000443905359134078,0.000443905359134078,0.0003800559581627381,0.00044528574494340255
"market for maize grain, feed","maize grain, feed",ZA,,remind - SSP1-PkBudg650 - 2040,"('remind - SSP1-PkBudg650 - 2040', '390925272ab847bb9ec5a7a95c32f501')","milk production, from cow",cow milk,ZA,,remind - SSP1-PkBudg650 - 2040,"('remind - SSP1-PkBudg650 - 2040', '3257fdd395714375b6ccfdbaf1af7531')",technosphere,0.27154093980789185,0.27154093980789185,0.36802166756497673,0.26097238883533064
"manure, liquid, cattle, Recycled Content cut-off","manure, liquid, cattle",GLO,,remind - SSP1-PkBudg650 - 2040,"('remind - SSP1-PkBudg650 - 2040', 'ecdbe844b61645829675ed4784df4f30')","milk production, from cow",cow milk,ZA,,remind - SSP1-PkBudg650 - 2040,"('remind - SSP1-PkBudg650 - 2040', '3257fdd395714375b6ccfdbaf1af7531')",technosphere,-0.1388213038444519,-0.1388213038444519,-0.11885385603120883,-0.1392529881075854
"manure, solid, cattle, Recycled Content cut-off","manure, solid, cattle",GLO,,remind - SSP1-PkBudg650 - 2040,"('remind - SSP1-PkBudg650 - 2040', 'f4ec5c6df0824a72b060648faee79dd8')","milk production, from cow",cow milk,ZA,,remind - SSP1-PkBudg650 - 2040,"('remind - SSP1-PkBudg650 - 2040', '3257fdd395714375b6ccfdbaf1af7531')",technosphere,-1.251006007194519,-1.251006007194519,-1.0710667869816088,-1.2548961853691634
"market for operation, housing system, cattle, loose, per animal unit","operation, housing system, cattle, loose, per animal unit",GLO,,remind - SSP1-PkBudg650 - 2040,"('remind - SSP1-PkBudg650 - 2040', 'f8b84ea10bbc4eeb826d85e631bc06a1')","milk production, from cow",cow milk,ZA,,remind - SSP1-PkBudg650 - 2040,"('remind - SSP1-PkBudg650 - 2040', '3257fdd395714375b6ccfdbaf1af7531')",technosphere,1.1702959454851225e-05,1.1702959454851225e-05,1.001965706750961e-05,1.1739351444328643e-05
"market for operation, housing system, cattle, tied, per animal unit","operation, housing system, cattle, tied, per animal unit",GLO,,remind - SSP1-PkBudg650 - 2040,"('remind - SSP1-PkBudg650 - 2040', 'b3fee756d0b34b8d87d399ba2de8dec7')","milk production, from cow",cow milk,ZA,,remind - SSP1-PkBudg650 - 2040,"('remind - SSP1-PkBudg650 - 2040', '3257fdd395714375b6ccfdbaf1af7531')",technosphere,0.00011548883776413277,0.00011548883776413277,9.887742959257943e-05,0.00011584796646015926
market for rape meal,rape meal,GLO,,remind - SSP1-PkBudg650 - 2040,"('remind - SSP1-PkBudg650 - 2040', 'fed51b0e80b64cf1bb34b58ac3278ef0')","milk production, from cow",cow milk,ZA,,remind - SSP1-PkBudg650 - 2040,"('remind - SSP1-PkBudg650 - 2040', '3257fdd395714375b6ccfdbaf1af7531')",technosphere,0.01132362149655819,0.01132362149655819,0.015346997285146931,0.010882898741952453
"market for sodium chloride, powder","sodium chloride, powder",GLO,,remind - SSP1-PkBudg650 - 2040,"('remind - SSP1-PkBudg650 - 2040', 'ecc700e711934ac187af9ab73910194b')","milk production, from cow",cow milk,ZA,,remind - SSP1-PkBudg650 - 2040,"('remind - SSP1-PkBudg650 - 2040', '3257fdd395714375b6ccfdbaf1af7531')",technosphere,0.0013236450031399727,0.0013236450031399727,0.001133257708167785,0.0013277610624335165
"market for soybean, feed","soybean, feed",GLO,,remind - SSP1-PkBudg650 - 2040,"('remind - SSP1-PkBudg650 - 2040', '49c890f6e17640339037a8c367a0211c')","milk production, from cow",cow milk,ZA,,remind - SSP1-PkBudg650 - 2040,"('remind - SSP1-PkBudg650 - 2040', '3257fdd395714375b6ccfdbaf1af7531')",technosphere,0.02811131440103054,0.02811131440103054,0.038099495459615884,0.027017203658970167
market for straw,straw,RoW,,remind - SSP1-PkBudg650 - 2040,"('remind - SSP1-PkBudg650 - 2040', '20c4b6b3e2644324b0c1c845f936a46d')","milk production, from cow",cow milk,ZA,,remind - SSP1-PkBudg650 - 2040,"('remind - SSP1-PkBudg650 - 2040', '3257fdd395714375b6ccfdbaf1af7531')",technosphere,0.06422099471092224,0.06422099471092224,0.08703924197550507,0.061721471594477474
market for urea,urea,RoW,,remind - SSP1-PkBudg650 - 2040,"('remind - SSP1-PkBudg650 - 2040', '86ff8f3e9bce4b16adeef26912e424a9')","milk production, from cow",cow milk,ZA,,remind - SSP1-PkBudg650 - 2040,"('remind - SSP1-PkBudg650 - 2040', '3257fdd395714375b6ccfdbaf1af7531')",technosphere,0.001903287717141211,0.001903287717141211,0.0016295271550866533,0.001909206256536474
market for wheat bran,wheat bran,ZA,,remind - SSP1-PkBudg650 - 2040,"('remind - SSP1-PkBudg650 - 2040', '591a59024bec49a5b49cfa7e50b8c4a1')","milk production, from cow",cow milk,ZA,,remind - SSP1-PkBudg650 - 2040,"('remind - SSP1-PkBudg650 - 2040', '3257fdd395714375b6ccfdbaf1af7531')",technosphere,0.037756167352199554,0.037756167352199554,0.05117124393709922,0.036286672625280764
Ammonia,,,"('air', 'non-urban air or from high stacks')",biosphere3,"('biosphere3', '0f440cc0-0f74-446d-99d6-8ff0e97a2444')","milk production, from cow",cow milk,ZA,,remind - SSP1-PkBudg650 - 2040,"('remind - SSP1-PkBudg650 - 2040', '3257fdd395714375b6ccfdbaf1af7531')",biosphere,0.0044794087298214436,0.0044794087298214436,0.0038351102138882223,0.004493338077862818
Dinitrogen monoxide,,,"('air', 'non-urban air or from high stacks')",biosphere3,"('biosphere3', 'afd6d670-bbb0-4625-9730-04088a5b035e')","milk production, from cow",cow milk,ZA,,remind - SSP1-PkBudg650 - 2040,"('remind - SSP1-PkBudg650 - 2040', '3257fdd395714375b6ccfdbaf1af7531')",biosphere,0.0002824852126650512,0.0002824852126650512,0.00024185377796665346,0.0002833636399488928
"Methane, non-fossil",,,"('air', 'non-urban air or from high stacks')",biosphere3,"('biosphere3', '57bdb443-d4a6-423d-8024-959b8261d02e')","milk production, from cow",cow milk,ZA,,remind - SSP1-PkBudg650 - 2040,"('remind - SSP1-PkBudg650 - 2040', '3257fdd395714375b6ccfdbaf1af7531')",biosphere,0.014043550938367844,0.009465353332459925,0.011698277931660414,0.011220797199755906
Water,,,"('air',)",biosphere3,"('biosphere3', '075e433b-4be4-448e-9510-9a5029c1ce94')","milk production, from cow",cow milk,ZA,,remind - SSP1-PkBudg650 - 2040,"('remind - SSP1-PkBudg650 - 2040', '3257fdd395714375b6ccfdbaf1af7531')",biosphere,0.017525918781757355,0.017525918781757355,0.015005067450134723,0.01758041807779853
Nitrate,,,"('water',)",biosphere3,"('biosphere3', '5189de76-6bbb-44ba-8c42-5714f1b4371f')","milk production, from cow",cow milk,ZA,,remind - SSP1-PkBudg650 - 2040,"('remind - SSP1-PkBudg650 - 2040', '3257fdd395714375b6ccfdbaf1af7531')",biosphere,0.0022598817013204098,0.0022598817013204098,0.0019348302237332277,0.0022669091195911422
Phosphate,,,"('water',)",biosphere3,"('biosphere3', 'c8791f3c-3c4a-4278-91c0-483797d14da2')","milk production, from cow",cow milk,ZA,,remind - SSP1-PkBudg650 - 2040,"('remind - SSP1-PkBudg650 - 2040', '3257fdd395714375b6ccfdbaf1af7531')",biosphere,0.0002502012066543102,0.0002502012066543102,0.000214213361861567,0.00025097924230545714
Water,,,"('water', 'surface water')",biosphere3,"('biosphere3', 'db4566b1-bd88-427d-92da-2d25879063b9')","milk production, from cow",cow milk,ZA,,remind - SSP1-PkBudg650 - 2040,"('remind - SSP1-PkBudg650 - 2040', '3257fdd395714375b6ccfdbaf1af7531')",biosphere,0.09931353479623795,0.09931353479623795,0.08502871129814893,0.09962236412502552
"Occupation, grassland, natural, for livestock grazing",,,"('natural resource', 'land')",biosphere3,"('biosphere3', 'e780232c-898f-4606-8d21-f8589801ebe6')","milk production, from cow",cow milk,ZA,,remind - SSP1-PkBudg650 - 2040,"('remind - SSP1-PkBudg650 - 2040', '3257fdd395714375b6ccfdbaf1af7531')",biosphere,7.812734127044678,7.812734127044678,6.6889846978122245,7.837028916686405
"Occupation, pasture, man made",,,"('natural resource', 'land')",biosphere3,"('biosphere3', '59ded913-17fe-4b3e-80cb-79b97cdbef9a')","milk production, from cow",cow milk,ZA,,remind - SSP1-PkBudg650 - 2040,"('remind - SSP1-PkBudg650 - 2040', '3257fdd395714375b6ccfdbaf1af7531')",biosphere,14.2291841506958,14.2291841506958,12.182520676965584,14.273431789242453
"Transformation, from grassland, natural (non-use)",,,"('natural resource', 'land')",biosphere3,"('biosphere3', 'b905c2e0-a0db-4e66-80d2-8bdfc93c6218')","milk production, from cow",cow milk,ZA,,remind - SSP1-PkBudg650 - 2040,"('remind - SSP1-PkBudg650 - 2040', '3257fdd395714375b6ccfdbaf1af7531')",biosphere,0.7344616055488586,0.7344616055488586,0.6288198677644338,0.7367455166504752
"Transformation, to grassland, natural, for livestock grazing",,,"('natural resource', 'land')",biosphere3,"('biosphere3', 'ce132b7d-ab1c-4df3-9656-8fe37ede77b1')","milk production, from cow",cow milk,ZA,,remind - SSP1-PkBudg650 - 2040,"('remind - SSP1-PkBudg650 - 2040', '3257fdd395714375b6ccfdbaf1af7531')",biosphere,0.2582722008228302,0.2582722008228302,0.2211234596085875,0.25907533435934416
"Transformation, to pasture, man made",,,"('natural resource', 'land')",biosphere3,"('biosphere3', '7a16b680-6d9a-4db3-a23e-0ec64aca5995')","milk production, from cow",cow milk,ZA,,remind - SSP1-PkBudg650 - 2040,"('remind - SSP1-PkBudg650 - 2040', '3257fdd395714375b6ccfdbaf1af7531')",biosphere,0.47618937492370605,0.47618937492370605,0.40769638264015934,0.4776701523961341
"Water, unspecified natural origin",,,"('natural resource', 'in ground')",biosphere3,"('biosphere3', '478e8437-1c21-4032-8438-872a6b5ddcdf')","milk production, from cow",cow milk,ZA,,remind - SSP1-PkBudg650 - 2040,"('remind - SSP1-PkBudg650 - 2040', '3257fdd395714375b6ccfdbaf1af7531')",biosphere,0.12025799602270126,0.12025799602270126,0.10296061303313465,0.12063195508345999
"market for wood chips, dry, measured as dry mass","wood chips, dry, measured as dry mass",SSA,,remind - SSP1-PkBudg650 - 2040,"('remind - SSP1-PkBudg650 - 2040', '186c98078c094cd9a981b4f72644486a')","milk production, from cow",cow milk,ZA,,remind - SSP1-PkBudg650 - 2040,"('remind - SSP1-PkBudg650 - 2040', '3257fdd395714375b6ccfdbaf1af7531')",technosphere,0.04605373740196228,0.04605373740196228,0.039429569693460856,0.04619694794057807
"market group for electricity, low voltage","electricity, low voltage",SSA,,remind - SSP1-PkBudg650 - 2040,"('remind - SSP1-PkBudg650 - 2040', '2107a6da9bce4e98b1bc39c25b49569a')","milk production, from cow",cow milk,ZA,,remind - SSP1-PkBudg650 - 2040,"('remind - SSP1-PkBudg650 - 2040', '3257fdd395714375b6ccfdbaf1af7531')",technosphere,0.08466485887765884,0.08466485887765884,0.08466485887765884,0.08466485887765884
3-NOP,3-NOP,GLO,,Foreground - 2040,"('Foreground - 2040', 'e9d38632632046448c487bf7e6caee4a_copy1')","milk production, from cow",cow milk,RoW,,remind - SSP1-PkBudg650 - 2040,"('remind - SSP1-PkBudg650 - 2040', '8e01a106a4924c759f988cd7afa99b6c')",technosphere,0.0,4.885021426979348e-05,0.0,0.0
3-NOP,3-NOP,GLO,,Foreground - 2040,"('Foreground - 2040', 'e9d38632632046448c487bf7e6caee4a_copy1')","milk production, from cow",cow milk,CA-QC,,remind - SSP1-PkBudg650 - 2040,"('remind - SSP1-PkBudg650 - 2040', '6f450ea5c1354fb7b6d493cdac520535')",technosphere,0.0,6.846715410353383e-05,0.0,0.0
3-NOP,3-NOP,GLO,,Foreground - 2040,"('Foreground - 2040', 'e9d38632632046448c487bf7e6caee4a_copy1')","milk production, from cow",cow milk,ZA,,remind - SSP1-PkBudg650 - 2040,"('remind - SSP1-PkBudg650 - 2040', '3257fdd395714375b6ccfdbaf1af7531')",technosphere,0.0,3.0356626661969348e-05,0.0,0.0
Nitrate,Nitrate,GLO,,Foreground - 2040,"('Foreground - 2040', '2f434b69a5344e64b7103e18ae3546e4_copy1')","milk production, from cow",cow milk,RoW,,remind - SSP1-PkBudg650 - 2040,"('remind - SSP1-PkBudg650 - 2040', '8e01a106a4924c759f988cd7afa99b6c')",technosphere,0.0,0.0,0.0,0.009562169601746807
Nitrate,Nitrate,GLO,,Foreground - 2040,"('Foreground - 2040', '2f434b69a5344e64b7103e18ae3546e4_copy1')","milk production, from cow",cow milk,CA-QC,,remind - SSP1-PkBudg650 - 2040,"('remind - SSP1-PkBudg650 - 2040', '6f450ea5c1354fb7b6d493cdac520535')",technosphere,0.0,0.0,0.0,0.013402081228776834
Nitrate,Nitrate,GLO,,Foreground - 2040,"('Foreground - 2040', '2f434b69a5344e64b7103e18ae3546e4_copy1')","milk production, from cow",cow milk,ZA,,remind - SSP1-PkBudg650 - 2040,"('remind - SSP1-PkBudg650 - 2040', '3257fdd395714375b6ccfdbaf1af7531')",technosphere,0.0,0.0,0.0,0.005942148197662085
